date,username,uid,type,category,category_type,location,beds,impression,views,lead,ads,refreshes,features,verified,entity_uid
10/4/2021,fgrealty,1,Agent,properties,apartment,Doha,2,1,1,0,2,1,0,No,1
10/4/2021,fgrealty,1,Agent,properties,apartment,Doha,2,1,1,0,2,1,0,No,1
10/4/2021,fgrealty,1,Agent,properties,apartment,Doha,2,1,1,0,2,1,0,No,1
10/4/2021,fgrealty,1,Agent,properties,apartment,Doha,2,1,1,0,2,1,0,No,1
10/4/2021,fgrealty,1,Agent,properties,apartment,Doha,2,6,4,0,2,1,0,No,1
10/4/2021,fgrealty,1,Agent,properties,apartment,Doha,2,1,1,0,5,1,0,No,1
10/4/2021,fgrealty,1,Agent,properties,apartment,Doha,2,1,1,0,2,1,2,No,1
10/4/2021,fgrealty,1,Agent,properties,apartment,Doha,2,1,1,0,2,1,0,No,1
10/4/2021,fgrealty,1,Agent,properties,apartment,Doha,2,1,1,4,2,1,0,No,1
10/4/2021,fgrealty,1,Agent,properties,apartment,Doha,2,1,1,0,2,1,0,No,1
10/5/2021,fgrealty,1,Agent,properties,apartment,Doha,2,1,1,0,2,1,0,No,1
10/5/2021,fgrealty,1,Agent,properties,apartment,Doha,2,1,1,0,2,3,0,No,1
10/5/2021,fgrealty,1,Agent,properties,apartment,Doha,2,1,3,0,2,1,1,No,1
10/5/2021,fgrealty,1,Agent,properties,apartment,Doha,2,7,1,0,2,1,0,No,1
10/5/2021,fgrealty,1,Agent,properties,apartment,Doha,2,1,1,0,7,1,0,No,1
10/5/2021,fgrealty,1,Agent,properties,apartment,Doha,2,1,1,4,2,1,0,No,1
10/5/2021,fgrealty,1,Agent,properties,apartment,Doha,2,1,1,0,2,1,0,No,1
10/5/2021,fgrealty,1,Agent,properties,apartment,Doha,2,1,1,0,2,2,0,No,1
10/5/2021,fgrealty,1,Agent,properties,apartment,Doha,2,1,1,0,2,1,0,No,1
10/5/2021,fgrealty,1,Agent,properties,apartment,Doha,2,1,1,0,2,1,1,No,1
10/4/2021,qatari,2,classified,properties,studio,Doha,1,1,1,0,2,1,0,yes,2
10/4/2021,qatari,2,classified,properties,studio,Doha,1,1,1,0,2,1,0,yes,2
10/4/2021,qatari,2,classified,properties,studio,Doha,1,1,1,0,6,1,0,yes,2
10/4/2021,qatari,2,classified,properties,studio,Doha,1,1,2,0,2,1,0,yes,2
10/4/2021,qatari,2,classified,properties,studio,Doha,1,1,1,0,2,2,0,yes,2
10/4/2021,qatari,2,classified,properties,studio,Doha,1,8,1,0,2,1,0,yes,2
10/4/2021,qatari,2,classified,properties,studio,Doha,1,1,1,4,2,1,0,yes,2
10/4/2021,qatari,2,classified,properties,studio,Doha,1,1,1,0,2,1,1,yes,2
10/4/2021,qatari,2,classified,properties,studio,Doha,1,1,1,0,2,1,0,yes,2
10/4/2021,qatari,2,classified,properties,studio,Doha,1,1,1,0,2,1,0,No,2
10/5/2021,qatari,2,classified,properties,studio,Doha,1,1,1,0,2,1,0,yes,2
10/5/2021,qatari,2,classified,properties,studio,Doha,1,1,1,0,5,1,0,yes,2
10/5/2021,qatari,2,classified,properties,studio,Doha,1,1,1,0,2,1,0,yes,2
10/5/2021,qatari,2,classified,properties,studio,Doha,1,1,1,0,2,1,0,yes,2
10/5/2021,qatari,2,classified,properties,studio,Doha,1,1,2,0,2,1,0,yes,2
10/5/2021,qatari,2,classified,properties,studio,Doha,1,1,1,0,2,1,1,yes,2
10/5/2021,qatari,2,classified,properties,studio,Doha,1,1,1,0,2,1,0,yes,2
10/5/2021,qatari,2,classified,properties,studio,Doha,1,1,2,3,2,1,0,yes,2
10/5/2021,qatari,2,classified,properties,studio,Doha,1,1,1,0,2,1,0,yes,2
10/5/2021,qatari,2,classified,properties,studio,Doha,1,1,1,0,2,1,0,yes,2
10/4/2021,qatari,2,classified,properties,apartment,Doha,2,1,1,1,1,1,0,yes,3
10/4/2021,qatari,2,classified,properties,apartment,Doha,2,1,1,1,1,1,0,yes,3
10/4/2021,qatari,2,classified,properties,apartment,Doha,2,1,1,1,1,1,0,yes,3
10/4/2021,qatari,2,classified,properties,apartment,Doha,2,1,1,8,5,1,0,yes,3
10/4/2021,qatari,2,classified,properties,apartment,Doha,2,8,4,1,1,1,0,yes,3
10/4/2021,qatari,2,classified,properties,apartment,Doha,2,1,1,1,1,1,8,yes,3
10/4/2021,qatari,2,classified,properties,apartment,Doha,2,1,1,1,1,1,0,yes,3
10/4/2021,qatari,2,classified,properties,apartment,Doha,2,1,1,1,1,1,0,yes,3
10/4/2021,qatari,2,classified,properties,apartment,Doha,3,1,2,1,1,1,0,yes,4
10/4/2021,qatari,2,classified,properties,apartment,Doha,3,1,1,1,1,1,0,yes,4
10/4/2021,fgrealty,1,Agent,properties,studio,Doha,1,1,1,1,1,1,0,No,5
10/4/2021,fgrealty,1,Agent,properties,studio,Doha,1,1,1,1,1,1,0,No,5
10/4/2021,fgrealty,1,Agent,properties,studio,Doha,1,1,1,1,1,1,0,No,5
10/4/2021,fgrealty,1,Agent,properties,studio,Doha,1,1,1,1,1,1,0,No,5
10/4/2021,fgrealty,1,Agent,properties,studio,Doha,1,1,1,1,1,1,0,No,5
10/4/2021,fgrealty,1,Agent,properties,studio,Doha,1,0,2,5,7,9,2,No,5
10/4/2021,fgrealty,1,Agent,properties,studio,Doha,1,1,1,1,1,1,0,No,5
10/4/2021,fgrealty,1,Agent,properties,studio,Doha,1,1,1,1,1,1,0,No,5
10/4/2021,fgrealty,1,Agent,properties,studio,Doha,1,1,1,1,1,1,0,No,5
10/4/2021,fgrealty,1,Agent,properties,studio,Doha,1,1,1,1,1,1,0,No,5
10/5/2021,fgrealty,1,Agent,properties,1bhk,Doha,1,1,0,0,1,1,1,No,6
10/5/2021,fgrealty,1,Agent,properties,1bhk,Doha,1,1,0,0,1,1,1,No,6
10/5/2021,fgrealty,1,Agent,properties,1bhk,Doha,1,1,0,5,4,6,1,No,6
10/5/2021,fgrealty,1,Agent,properties,1bhk,Doha,1,1,0,0,1,1,1,No,6
10/5/2021,fgrealty,1,Agent,properties,1bhk,Doha,1,1,0,0,1,1,1,No,6
10/5/2021,fgrealty,1,Agent,properties,1bhk,Doha,1,1,2,0,1,1,4,No,6
10/5/2021,fgrealty,1,Agent,properties,1bhk,Doha,1,1,0,0,1,1,1,No,6
10/5/2021,fgrealty,1,Agent,properties,1bhk,Doha,1,1,0,0,1,1,1,No,6
10/5/2021,fgrealty,1,Agent,properties,1bhk,Doha,1,1,0,0,1,1,1,No,6
10/6/2021,fgrealty,1,Agent,properties,1bhk,Doha,1,1,0,0,1,4,1,No,6
10/6/2021,fgrealty,1,Agent,properties,2bhk,Doha,2,1,0,5,1,1,6,No,7
10/6/2021,fgrealty,1,Agent,properties,2bhk,Doha,2,1,0,0,1,1,1,No,7
10/6/2021,fgrealty,1,Agent,properties,2bhk,Doha,2,1,2,0,1,1,1,No,7
10/6/2021,fgrealty,1,Agent,properties,2bhk,Doha,2,1,0,0,1,1,1,No,7
10/6/2021,fgrealty,1,Agent,properties,2bhk,Doha,2,1,0,0,1,1,1,No,7
10/6/2021,fgrealty,1,Agent,properties,2bhk,Doha,2,1,0,5,1,1,1,No,7
10/6/2021,fgrealty,1,Agent,properties,2bhk,Doha,2,1,0,0,1,1,1,No,7
10/6/2021,fgrealty,1,Agent,properties,2bhk,Doha,2,1,0,0,1,1,1,No,7
10/6/2021,fgrealty,1,Agent,properties,2bhk,Doha,2,1,0,0,1,7,4,No,7
10/6/2021,fgrealty,1,Agent,properties,2bhk,Doha,2,1,0,0,1,1,1,No,7
10/4/2021,qatari,2,classified,properties,1bhk,Doha,1,1,1,1,1,1,0,yes,8
10/4/2021,qatari,2,classified,properties,1bhk,Doha,1,1,1,1,1,1,0,yes,8
10/4/2021,qatari,2,classified,properties,1bhk,Doha,1,1,1,1,1,1,0,yes,8
10/4/2021,qatari,2,classified,properties,1bhk,Doha,1,1,1,1,1,1,0,yes,8
10/4/2021,qatari,2,classified,properties,1bhk,Doha,1,1,1,1,1,1,0,yes,8
10/4/2021,qatari,2,classified,properties,1bhk,Doha,1,1,1,1,1,1,0,yes,8
10/4/2021,qatari,2,classified,properties,1bhk,Doha,1,1,1,1,1,1,0,yes,8
10/4/2021,qatari,2,classified,properties,1bhk,Doha,1,6,1,1,1,1,0,yes,8
10/4/2021,qatari,2,classified,properties,1bhk,Doha,1,1,18,1,11,2,6,yes,8
10/4/2021,qatari,2,classified,properties,1bhk,Doha,1,1,1,15,1,1,0,yes,8
10/5/2021,qatari,2,classified,properties,2bhk,Doha,2,1,0,0,1,1,0,yes,9
10/5/2021,qatari,2,classified,properties,2bhk,Doha,2,1,0,0,1,1,0,yes,9
10/5/2021,qatari,2,classified,properties,2bhk,Doha,2,6,0,0,1,1,0,yes,9
10/5/2021,qatari,2,classified,properties,2bhk,Doha,2,1,5,0,1,1,0,yes,9
10/5/2021,qatari,2,classified,properties,2bhk,Doha,2,1,0,0,1,1,0,yes,9
10/5/2021,qatari,2,classified,properties,2bhk,Doha,2,3,0,0,1,1,0,yes,9
10/5/2021,qatari,2,classified,properties,2bhk,Doha,2,1,0,0,1,1,0,yes,9
10/5/2021,qatari,2,classified,properties,2bhk,Doha,2,1,0,0,1,1,0,yes,9
10/5/2021,qatari,2,classified,properties,2bhk,Doha,2,1,0,0,1,1,0,yes,9
10/5/2021,qatari,2,classified,properties,2bhk,Dukhan,2,1,0,0,1,1,0,yes,10
10/6/2021,qatarrealstate,3,classified,properties,apartment-villa,Dukhan,3,1,0,0,1,1,0,yes,11
10/6/2021,qatarrealstate,3,classified,properties,apartment-villa,Dukhan,3,1,0,0,1,1,0,yes,11
10/6/2021,qatarrealstate,3,classified,properties,apartment-villa,Dukhan,3,1,0,0,1,1,0,yes,11
10/6/2021,qatarrealstate,3,classified,properties,apartment-villa,Dukhan,3,1,0,0,1,1,0,yes,11
10/6/2021,qatarrealstate,3,classified,properties,apartment-villa,Dukhan,3,1,0,0,1,1,0,yes,11
10/6/2021,qatarrealstate,3,classified,properties,apartment-villa,Dukhan,3,1,0,0,1,1,6,yes,11
10/6/2021,qatarrealstate,3,classified,properties,apartment-villa,Dukhan,3,1,0,0,1,1,0,yes,11
10/6/2021,qatarrealstate,3,classified,properties,apartment-villa,Dukhan,3,1,0,8,1,9,0,yes,11
10/6/2021,qatarrealstate,3,classified,properties,apartment-villa,Dukhan,3,1,0,0,1,1,0,yes,11
10/6/2021,qatarrealstate,3,classified,properties,apartment-villa,Dukhan,3,1,0,0,1,1,0,yes,11
10/6/2021,qatarrealstate,3,classified,properties,apartment-villa,Dukhan,3,1,0,0,1,1,0,yes,11
10/6/2021,qatarrealstate,3,classified,properties,apartment-villa,Dukhan,3,1,0,0,1,1,0,yes,11
10/6/2021,qatarrealstate,3,classified,properties,apartment-villa,Dukhan,3,1,6,0,1,1,6,yes,11
10/6/2021,qatarrealstate,3,classified,properties,apartment-villa,Dukhan,3,1,0,0,2,1,0,yes,11
10/6/2021,qatarrealstate,3,classified,properties,apartment-villa,Dukhan,3,1,0,0,1,1,0,yes,11
10/6/2021,qatarrealstate,3,classified,properties,apartment-villa,Dukhan,3,1,0,0,1,8,0,yes,11
10/6/2021,qatarrealstate,3,classified,properties,apartment-villa,Dukhan,3,1,0,0,1,1,0,yes,11
10/6/2021,qatarrealstate,3,classified,properties,apartment-villa,Dukhan,4,1,0,0,1,1,0,yes,12
10/6/2021,qatarrealstate,3,classified,properties,apartment-villa,Dukhan,4,1,0,0,1,1,0,yes,12
10/6/2021,qatarrealstate,3,classified,properties,apartment-villa,Dukhan,4,1,0,0,1,1,0,yes,12
10/5/2021,qatarrealstate,3,classified,properties,1bhk,Dukhan,1,2,1,1,2,1,1,yes,13
10/5/2021,qatarrealstate,3,classified,properties,1bhk,Dukhan,1,2,1,1,2,1,1,yes,13
10/5/2021,qatarrealstate,3,classified,properties,1bhk,Dukhan,1,2,1,1,2,1,1,yes,13
10/5/2021,qatarrealstate,3,classified,properties,1bhk,Dukhan,1,2,1,1,2,1,1,yes,13
10/5/2021,qatarrealstate,3,classified,properties,1bhk,Dukhan,1,2,1,1,2,1,1,yes,13
10/5/2021,qatarrealstate,3,classified,properties,1bhk,Dukhan,1,2,1,1,2,1,1,yes,13
10/5/2021,qatarrealstate,3,classified,properties,1bhk,Dukhan,1,2,1,1,2,1,1,yes,13
10/5/2021,qatarrealstate,3,classified,properties,1bhk,Dukhan,1,2,1,1,2,1,1,yes,13
10/5/2021,qatarrealstate,3,classified,properties,1bhk,Dukhan,1,2,1,1,2,1,1,yes,13
10/5/2021,qatarrealstate,3,classified,properties,1bhk,Dukhan,1,2,1,1,2,1,1,yes,13
10/5/2021,qatarrealstate,3,classified,properties,1bhk,Dukhan,1,2,1,1,2,1,1,yes,13
10/5/2021,qatarrealstate,3,classified,properties,1bhk,Dukhan,1,2,1,1,2,1,1,yes,13
10/5/2021,qatarrealstate,3,classified,properties,1bhk,Dukhan,1,2,1,1,2,1,1,yes,13
10/5/2021,qatarrealstate,3,classified,properties,1bhk,Dukhan,1,2,1,1,2,1,1,yes,13
10/5/2021,qatarrealstate,3,classified,properties,1bhk,Dukhan,1,2,1,1,2,1,1,yes,13
10/5/2021,qatarrealstate,3,classified,properties,1bhk,Dukhan,1,2,1,1,2,1,1,yes,13
10/5/2021,qatarrealstate,3,classified,properties,1bhk,Dukhan,1,2,1,1,2,1,1,yes,13
10/5/2021,qatarrealstate,3,classified,properties,1bhk,Dukhan,1,2,1,1,2,1,1,yes,13
10/5/2021,qatarrealstate,3,classified,properties,1bhk,Dukhan,1,2,1,1,2,1,1,yes,13
10/5/2021,qatarrealstate,3,classified,properties,1bhk,Dukhan,1,2,1,1,2,1,1,yes,13
10/8/2021,Ahmed,4,agent,properties,apartment,Dukhan,3,1,0,1,2,1,1,yes,14
10/8/2021,Ahmed,4,agent,properties,apartment,Dukhan,3,1,0,1,2,1,1,yes,14
10/8/2021,Ahmed,4,agent,properties,apartment,Dukhan,3,1,0,1,2,1,1,yes,14
10/8/2021,Ahmed,4,agent,properties,apartment,Dukhan,3,1,1,5,8,9,2,yes,14
10/8/2021,Ahmed,4,agent,properties,apartment,Dukhan,3,1,0,1,2,1,1,yes,14
10/8/2021,Ahmed,4,agent,properties,apartment,Dukhan,3,5,0,1,2,1,1,yes,14
10/8/2021,Ahmed,4,agent,properties,apartment,Dukhan,3,1,0,1,2,1,1,yes,14
10/8/2021,Ahmed,4,agent,properties,apartment,Dukhan,3,1,0,1,2,1,1,yes,14
10/8/2021,Ahmed,4,agent,properties,apartment,Dukhan,3,1,0,1,2,1,1,yes,14
10/8/2021,Ahmed,4,agent,properties,apartment,Dukhan,3,2,0,1,2,1,1,yes,14
10/9/2021,Asad,5,agent,properties,2bhk,Dukhan,2,4,0,1,2,1,1,yes,15
10/9/2021,Asad,5,agent,properties,2bhk,Dukhan,2,4,0,1,2,1,1,yes,15
10/9/2021,Asad,5,agent,properties,2bhk,Dukhan,2,4,0,1,2,1,1,yes,15
10/9/2021,Asad,5,agent,properties,2bhk,Dukhan,2,4,0,1,2,1,1,yes,15
10/9/2021,Asad,5,agent,properties,2bhk,Dukhan,2,4,0,11,2,1,1,yes,15
10/9/2021,Asad,5,agent,properties,2bhk,Dukhan,2,4,0,1,2,1,1,yes,15
10/9/2021,Asad,5,agent,properties,2bhk,Dukhan,2,4,0,1,2,1,1,yes,15
10/9/2021,Asad,5,agent,properties,2bhk,Dukhan,2,4,0,1,2,1,1,yes,15
10/9/2021,Asad,5,agent,properties,2bhk,Dukhan,2,4,0,1,0,1,1,yes,15
10/9/2021,Asad,5,agent,properties,2bhk,Dukhan,2,4,3,1,2,1,1,yes,15
10/10/2021,demo,6,agent,properties,1bhk,Dukhan,1,5,4,5,2,4,2,yes,16
10/10/2021,demo,6,agent,properties,1bhk,Dukhan,1,5,4,5,2,4,2,yes,16
10/10/2021,demo,6,agent,properties,1bhk,Dukhan,1,5,4,4,2,4,1,yes,16
10/10/2021,demo,6,agent,properties,1bhk,Dukhan,1,5,4,5,2,4,2,yes,16
10/10/2021,demo,6,agent,properties,1bhk,Dukhan,1,5,4,5,2,4,2,yes,16
10/10/2021,demo,6,agent,properties,1bhk,Dukhan,1,5,3,5,2,3,2,yes,16
10/10/2021,demo,6,agent,properties,1bhk,Dukhan,1,5,4,4,1,4,2,yes,16
10/10/2021,demo,6,agent,properties,1bhk,Dukhan,1,5,4,5,2,4,1,yes,16
10/10/2021,demo,6,agent,properties,1bhk,Dukhan,1,5,4,5,2,4,2,yes,16
10/10/2021,demo,6,agent,properties,1bhk,Dukhan,1,5,4,5,2,4,2,yes,16
10/11/2021,demo,6,agent,properties,residence,Dukhan,3,5,4,5,2,4,2,yes,17
10/11/2021,demo,6,agent,properties,residence,Dukhan,3,5,4,5,2,4,2,yes,17
10/11/2021,demo,6,agent,properties,residence,Dukhan,3,5,4,5,2,4,2,yes,17
10/11/2021,demo,6,agent,properties,residence,Dukhan,3,5,4,5,2,4,2,yes,17
10/11/2021,demo,6,agent,properties,residence,Dukhan,4,5,4,5,2,4,2,yes,18
10/11/2021,demo,6,agent,properties,residence,Dukhan,4,5,4,8,2,4,2,yes,18
10/11/2021,demo,6,agent,properties,residence,Dukhan,4,5,4,5,2,4,8,yes,18
10/11/2021,demo,6,agent,properties,residence,Dukhan,4,5,4,5,7,3,2,yes,18
10/11/2021,demo,6,agent,properties,residence,Dukhan,4,5,4,5,2,4,2,yes,18
10/11/2021,demo,6,agent,properties,residence,Dukhan,4,5,4,5,2,4,2,yes,18
10/12/2021,fgmotors,7,agent,properties,villa,Dukhan,4,2,1,1,1,1,1,yes,19
10/12/2021,fgmotors,7,agent,properties,villa,Dukhan,4,2,2,8,1,1,1,yes,19
10/12/2021,fgmotors,7,agent,properties,villa,Dukhan,4,2,2,1,7,1,1,yes,19
10/12/2021,fgmotors,7,agent,properties,villa,Dukhan,4,1,2,1,1,1,1,yes,19
10/12/2021,fgmotors,7,agent,properties,villa,Dukhan,4,2,2,1,1,1,1,yes,19
10/12/2021,fgmotors,7,agent,properties,villa,Dukhan,5,2,2,1,1,2,1,yes,20
10/12/2021,fgmotors,7,agent,properties,villa,Dukhan,5,2,2,8,7,1,1,yes,20
10/12/2021,fgmotors,7,agent,properties,villa,Dukhan,5,1,2,1,1,1,1,yes,20
10/12/2021,fgmotors,7,agent,properties,villa,Dukhan,5,2,3,1,1,1,1,yes,20
10/12/2021,fgmotors,7,agent,properties,villa,Dukhan,5,2,2,1,1,1,1,yes,20
10/13/2021,fgmotors,7,agent,properties,apartment,Dukhan,3,1,1,1,1,1,1,yes,21
10/13/2021,fgmotors,7,agent,properties,apartment,Dukhan,3,1,1,1,1,1,1,yes,21
10/13/2021,fgmotors,7,agent,properties,apartment,Dukhan,3,1,1,1,1,1,1,yes,21
10/13/2021,fgmotors,7,agent,properties,apartment,Dukhan,3,1,1,1,1,1,1,yes,21
10/13/2021,fgmotors,7,agent,properties,apartment,Dukhan,3,1,3,1,1,1,1,yes,21
10/13/2021,fgmotors,7,agent,properties,apartment,Dukhan,3,1,1,1,1,1,1,yes,21
10/13/2021,fgmotors,7,agent,properties,apartment,Dukhan,3,1,1,3,8,6,1,yes,21
10/13/2021,fgmotors,7,agent,properties,apartment,Dukhan,3,1,1,1,1,1,1,yes,21
10/13/2021,fgmotors,7,agent,properties,apartment,Dukhan,3,1,1,1,1,1,1,yes,21
10/13/2021,fgmotors,7,agent,properties,apartment,Dukhan,3,1,1,1,1,1,1,yes,21
10/4/2021,propertyfinderqatar,8,agent,properties,1bhk,Dukhan,1,1,1,1,1,1,1,yes,22
10/4/2021,propertyfinderqatar,8,agent,properties,1bhk,Dukhan,1,1,1,1,1,1,1,yes,22
10/4/2021,propertyfinderqatar,8,agent,properties,1bhk,Dukhan,1,1,1,1,1,1,1,yes,22
10/4/2021,propertyfinderqatar,8,agent,properties,1bhk,Dukhan,1,1,1,1,1,1,1,yes,22
10/4/2021,propertyfinderqatar,8,agent,properties,1bhk,Dukhan,1,1,1,1,1,1,1,yes,22
10/4/2021,propertyfinderqatar,8,agent,properties,1bhk,Dukhan,1,2,1,1,1,1,1,yes,22
10/4/2021,propertyfinderqatar,8,agent,properties,1bhk,Dukhan,1,1,1,1,1,1,1,yes,22
10/4/2021,propertyfinderqatar,8,agent,properties,1bhk,Dukhan,1,1,1,1,1,1,1,yes,22
10/4/2021,propertyfinderqatar,8,agent,properties,1bhk,Dukhan,1,1,1,1,1,1,7,yes,22
10/4/2021,propertyfinderqatar,8,agent,properties,1bhk,Dukhan,1,1,1,1,1,1,1,yes,22
10/5/2021,propertyfinderqatar,8,agent,properties,1bhk,Dukhan,1,1,1,1,1,1,1,yes,22
10/5/2021,propertyfinderqatar,8,agent,properties,1bhk,Dukhan,1,1,1,1,1,1,1,yes,22
10/5/2021,propertyfinderqatar,8,agent,properties,1bhk,Dukhan,1,1,1,8,1,1,1,yes,22
10/5/2021,propertyfinderqatar,8,agent,properties,1bhk,Dukhan,1,1,5,1,1,1,1,yes,22
10/5/2021,propertyfinderqatar,8,agent,properties,1bhk,Dukhan,1,1,1,1,1,1,1,yes,22
10/5/2021,propertyfinderqatar,8,agent,properties,1bhk,Dukhan,1,1,1,1,1,1,1,yes,22
10/5/2021,propertyfinderqatar,8,agent,properties,1bhk,Dukhan,1,2,1,1,1,1,1,yes,22
10/5/2021,propertyfinderqatar,8,agent,properties,1bhk,Dukhan,1,1,1,1,2,1,1,yes,22
10/5/2021,propertyfinderqatar,8,agent,properties,1bhk,Dukhan,1,1,1,1,1,8,1,yes,22
10/5/2021,propertyfinderqatar,8,agent,properties,1bhk,Dukhan,1,1,1,1,1,1,1,yes,22
10/6/2021,propertyfinderqatar,8,agent,properties,1bhk,Dukhan,1,1,1,1,1,1,1,yes,22
10/6/2021,propertyfinderqatar,8,agent,properties,1bhk,Dukhan,1,1,1,1,1,1,1,yes,22
10/6/2021,propertyfinderqatar,8,agent,properties,1bhk,Dukhan,1,1,1,1,1,1,5,yes,22
10/6/2021,propertyfinderqatar,8,agent,properties,1bhk,Dukhan,1,1,1,1,1,1,1,yes,22
10/6/2021,propertyfinderqatar,8,agent,properties,1bhk,Dukhan,1,1,1,1,1,1,1,yes,22
10/6/2021,propertyfinderqatar,8,agent,properties,1bhk,Dukhan,1,1,1,1,1,1,1,yes,22
10/6/2021,propertyfinderqatar,8,agent,properties,1bhk,Dukhan,1,1,1,1,1,1,1,yes,22
10/6/2021,propertyfinderqatar,8,agent,properties,1bhk,Dukhan,1,1,1,1,1,1,1,yes,22
10/6/2021,propertyfinderqatar,8,agent,properties,1bhk,Dukhan,1,1,1,1,1,1,1,yes,22
10/6/2021,propertyfinderqatar,8,agent,properties,1bhk,Dukhan,1,1,1,1,1,1,1,yes,22
10/4/2021,propertyfinderqatar,8,agent,properties,apartment,Dukhan,3,1,1,1,1,1,1,yes,23
10/4/2021,propertyfinderqatar,8,agent,properties,apartment,Dukhan,3,1,1,1,1,1,1,yes,23
10/4/2021,propertyfinderqatar,8,agent,properties,apartment,Dukhan,3,1,1,1,1,1,1,yes,23
10/4/2021,propertyfinderqatar,8,agent,properties,apartment,Mesaieed,3,1,1,1,1,1,1,yes,24
10/4/2021,propertyfinderqatar,8,agent,properties,apartment,Mesaieed,3,1,1,1,1,2,1,yes,24
10/4/2021,propertyfinderqatar,8,agent,properties,apartment,Mesaieed,3,1,1,1,1,1,1,yes,24
10/4/2021,propertyfinderqatar,8,agent,properties,apartment,Mesaieed,3,1,1,1,1,1,1,yes,24
10/4/2021,propertyfinderqatar,8,agent,properties,apartment,Mesaieed,3,1,1,1,1,1,1,yes,24
10/4/2021,propertyfinderqatar,8,agent,properties,apartment,Mesaieed,3,1,1,1,1,1,1,yes,24
10/4/2021,propertyfinderqatar,8,agent,properties,apartment,Mesaieed,3,1,1,1,1,1,1,yes,24
10/5/2021,propertyfinderqatar,8,agent,properties,apartment,Mesaieed,3,1,6,1,1,1,1,yes,24
10/5/2021,propertyfinderqatar,8,agent,properties,apartment,Mesaieed,3,1,1,1,2,1,3,yes,24
10/5/2021,propertyfinderqatar,8,agent,properties,apartment,Mesaieed,3,6,1,1,1,1,1,yes,24
10/5/2021,propertyfinderqatar,8,agent,properties,apartment,Mesaieed,3,1,1,1,1,2,1,yes,24
10/5/2021,propertyfinderqatar,8,agent,properties,apartment,Mesaieed,3,1,1,1,1,1,1,yes,24
10/5/2021,propertyfinderqatar,8,agent,properties,apartment,Mesaieed,3,1,1,4,1,1,1,yes,24
10/5/2021,propertyfinderqatar,8,agent,properties,apartment,Mesaieed,3,1,1,1,1,1,1,yes,24
10/5/2021,propertyfinderqatar,8,agent,properties,apartment,Mesaieed,3,1,1,1,1,1,1,yes,24
10/5/2021,propertyfinderqatar,8,agent,properties,apartment,Mesaieed,3,1,1,1,1,1,1,yes,24
10/5/2021,propertyfinderqatar,8,agent,properties,apartment,Mesaieed,3,1,1,1,2,1,1,yes,24
10/6/2021,propertyfinderqatar,8,agent,properties,apartment,Mesaieed,3,1,1,1,1,1,1,yes,24
10/6/2021,propertyfinderqatar,8,agent,properties,apartment,Mesaieed,3,1,1,3,1,5,1,yes,24
10/6/2021,propertyfinderqatar,8,agent,properties,apartment,Mesaieed,3,1,1,1,1,1,1,yes,24
10/6/2021,propertyfinderqatar,8,agent,properties,apartment,Mesaieed,3,1,1,1,2,1,1,yes,24
10/6/2021,propertyfinderqatar,8,agent,properties,apartment,Mesaieed,3,1,1,1,1,1,1,yes,24
10/6/2021,propertyfinderqatar,8,agent,properties,apartment,Mesaieed,3,1,1,1,1,1,1,yes,24
10/6/2021,propertyfinderqatar,8,agent,properties,apartment,Mesaieed,3,1,1,1,1,1,1,yes,24
10/6/2021,propertyfinderqatar,8,agent,properties,apartment,Mesaieed,3,1,1,1,1,1,1,yes,24
10/6/2021,propertyfinderqatar,8,agent,properties,apartment,Mesaieed,3,1,1,1,1,1,1,yes,24
10/6/2021,propertyfinderqatar,8,agent,properties,apartment,Mesaieed,3,1,1,1,1,1,1,yes,24
10/11/2021,Taylor Doha,9,agent,properties,apartment,Mesaieed,3,1,1,1,1,1,1,yes,25
10/11/2021,Taylor Doha,9,agent,properties,apartment,Mesaieed,3,1,1,1,1,1,1,yes,25
10/11/2021,Taylor Doha,9,agent,properties,apartment,Mesaieed,3,1,1,1,1,1,1,yes,25
10/11/2021,Taylor Doha,9,agent,properties,apartment,Mesaieed,3,1,1,1,6,1,1,yes,25
10/11/2021,Taylor Doha,9,agent,properties,apartment,Mesaieed,3,6,1,1,1,4,6,yes,25
10/11/2021,Taylor Doha,9,agent,properties,apartment,Mesaieed,3,1,5,1,1,1,1,yes,25
10/11/2021,Taylor Doha,9,agent,properties,apartment,Mesaieed,3,1,1,1,1,1,1,yes,25
10/11/2021,Taylor Doha,9,agent,properties,apartment,Mesaieed,3,1,1,1,1,1,1,yes,25
10/11/2021,Taylor Doha,9,agent,properties,apartment,Mesaieed,3,1,1,1,1,1,1,yes,25
10/11/2021,Taylor Doha,9,agent,properties,apartment,Mesaieed,3,1,1,1,1,1,1,yes,25
10/12/2021,Taylor Doha,9,agent,properties,1bh,Mesaieed,1,1,1,1,1,1,1,yes,26
10/12/2021,Taylor Doha,9,agent,properties,1bh,Mesaieed,1,1,1,1,1,1,1,yes,26
10/12/2021,Taylor Doha,9,agent,properties,1bh,Mesaieed,1,1,1,1,1,1,1,yes,26
10/12/2021,Taylor Doha,9,agent,properties,1bh,Mesaieed,1,1,1,1,1,1,1,yes,26
10/12/2021,Taylor Doha,9,agent,properties,1bh,Mesaieed,1,1,1,1,1,1,1,yes,26
10/12/2021,Taylor Doha,9,agent,properties,1bh,Mesaieed,1,1,1,1,1,1,1,yes,26
10/12/2021,Taylor Doha,9,agent,properties,1bh,Mesaieed,1,1,1,1,1,1,1,yes,26
10/12/2021,Taylor Doha,9,agent,properties,1bh,Mesaieed,1,1,1,1,1,2,1,yes,26
10/12/2021,Taylor Doha,9,agent,properties,1bh,Mesaieed,1,1,1,1,1,1,1,yes,26
10/12/2021,Taylor Doha,9,agent,properties,1bh,Mesaieed,1,1,1,1,1,1,1,yes,26
10/13/2021,Taylor Doha,9,agent,properties,1bh,Mesaieed,1,1,1,1,1,1,1,yes,26
10/13/2021,Taylor Doha,9,agent,properties,1bh,Mesaieed,1,1,1,1,1,1,1,yes,26
10/13/2021,Taylor Doha,9,agent,properties,1bh,Mesaieed,1,1,1,1,1,1,1,yes,26
10/13/2021,Taylor Doha,9,agent,properties,1bh,Mesaieed,1,1,1,1,8,1,1,yes,26
10/13/2021,Taylor Doha,9,agent,properties,1bh,Mesaieed,1,8,1,1,1,1,1,yes,26
10/13/2021,Taylor Doha,9,agent,properties,1bh,Mesaieed,1,1,1,1,1,1,1,yes,26
10/13/2021,Taylor Doha,9,agent,properties,1bh,Mesaieed,1,1,1,1,1,1,5,yes,26
10/13/2021,Taylor Doha,9,agent,properties,1bh,Mesaieed,1,1,1,1,1,1,1,yes,26
10/13/2021,Taylor Doha,9,agent,properties,1bh,Mesaieed,1,1,1,1,1,1,1,yes,26
10/13/2021,Taylor Doha,9,agent,properties,1bh,Mesaieed,1,1,1,1,1,1,1,yes,26
10/14/2021,Taylor Doha,9,agent,properties,1bh,Mesaieed,1,1,1,1,1,1,1,yes,26
10/13/2021,Taylor Doha,9,agent,properties,1bh,Mesaieed,1,1,5,1,1,2,1,yes,26
10/13/2021,Taylor Doha,9,agent,properties,1bh,Mesaieed,1,1,1,1,1,1,5,yes,26
10/13/2021,Taylor Doha,9,agent,properties,1bh,Mesaieed,1,1,1,1,1,1,1,yes,26
10/13/2021,Taylor Doha,9,agent,properties,1bh,Mesaieed,1,1,1,1,1,1,1,yes,26
10/13/2021,Taylor Doha,9,agent,properties,1bh,Mesaieed,1,1,1,1,1,1,1,yes,26
10/13/2021,Taylor Doha,9,agent,properties,1bh,Mesaieed,1,1,1,1,1,1,1,yes,26
10/13/2021,Taylor Doha,9,agent,properties,1bh,Mesaieed,1,1,1,1,1,1,1,yes,26
10/13/2021,Taylor Doha,9,agent,properties,1bh,Mesaieed,1,1,1,1,1,1,1,yes,26
10/13/2021,Taylor Doha,9,agent,properties,1bh,Mesaieed,1,1,1,1,1,1,1,yes,26
10/11/2021,Taylor Doha,9,agent,properties,2bh,Mesaieed,2,1,1,1,1,1,6,yes,27
10/11/2021,Taylor Doha,9,agent,properties,2bh,Mesaieed,2,1,1,1,1,1,1,yes,27
10/11/2021,Taylor Doha,9,agent,properties,2bh,Mesaieed,2,1,1,1,1,1,1,yes,27
10/11/2021,Taylor Doha,9,agent,properties,2bh,Mesaieed,2,1,1,1,1,1,1,yes,27
10/11/2021,Taylor Doha,9,agent,properties,2bh,Mesaieed,2,1,1,1,1,1,1,yes,27
10/11/2021,Taylor Doha,9,agent,properties,2bh,Mesaieed,2,1,1,1,1,1,1,yes,27
10/11/2021,Taylor Doha,9,agent,properties,2bh,Mesaieed,2,1,1,1,1,1,1,yes,27
10/11/2021,Taylor Doha,9,agent,properties,2bh,Mesaieed,2,1,1,1,1,1,1,yes,27
10/11/2021,Taylor Doha,9,agent,properties,2bh,Mesaieed,2,1,1,1,1,1,1,yes,27
10/11/2021,Taylor Doha,9,agent,properties,2bh,Mesaieed,2,1,1,1,1,1,1,yes,27
10/12/2021,Taylor Doha,9,agent,properties,2bh,Mesaieed,2,1,1,1,1,1,1,yes,27
10/12/2021,Taylor Doha,9,agent,properties,2bh,Mesaieed,2,1,1,1,1,1,1,yes,27
10/12/2021,Taylor Doha,9,agent,properties,2bh,Mesaieed,2,1,1,1,1,1,1,yes,27
10/12/2021,Taylor Doha,9,agent,properties,2bh,Mesaieed,2,1,1,1,1,1,1,yes,27
10/12/2021,Taylor Doha,9,agent,properties,2bh,Mesaieed,2,1,1,1,1,1,1,yes,27
10/12/2021,Taylor Doha,9,agent,properties,2bh,Mesaieed,2,1,1,1,1,1,1,yes,27
10/12/2021,Taylor Doha,9,agent,properties,2bh,Mesaieed,2,1,1,1,1,1,1,yes,27
10/12/2021,Taylor Doha,9,agent,properties,2bh,Mesaieed,2,1,1,1,1,1,1,yes,27
10/12/2021,Taylor Doha,9,agent,properties,2bh,Mesaieed,2,1,1,1,1,1,1,yes,27
10/12/2021,Taylor Doha,9,agent,properties,2bh,Mesaieed,2,1,1,1,1,1,1,yes,27
10/13/2021,Taylor Doha,9,agent,properties,2bh,Mesaieed,2,1,1,1,1,1,1,yes,27
10/13/2021,Taylor Doha,9,agent,properties,2bh,Mesaieed,2,1,1,1,1,1,1,yes,27
10/13/2021,Taylor Doha,9,agent,properties,2bh,Mesaieed,2,1,1,1,1,1,1,yes,27
10/13/2021,Taylor Doha,9,agent,properties,2bh,Mesaieed,2,1,1,1,1,1,1,yes,27
10/13/2021,Taylor Doha,9,agent,properties,2bh,Mesaieed,2,1,1,1,1,1,1,yes,27
10/13/2021,Taylor Doha,9,agent,properties,2bh,Mesaieed,2,1,1,1,1,1,1,yes,27
10/13/2021,Taylor Doha,9,agent,properties,2bh,Mesaieed,2,1,1,1,1,1,1,yes,27
10/13/2021,Taylor Doha,9,agent,properties,2bh,Mesaieed,2,1,1,1,1,1,1,yes,27
10/13/2021,Taylor Doha,9,agent,properties,2bh,Mesaieed,2,1,1,1,1,1,1,yes,27
10/13/2021,Taylor Doha,9,agent,properties,2bh,Mesaieed,2,1,1,1,1,1,1,yes,27
10/11/2021,Taylor Doha,9,agent,properties,studio,Mesaieed,1,1,1,1,1,1,1,yes,28
10/11/2021,Taylor Doha,9,agent,properties,studio,Mesaieed,1,1,1,1,1,1,1,yes,28
10/11/2021,Taylor Doha,9,agent,properties,studio,Mesaieed,1,1,1,1,1,1,1,yes,28
10/11/2021,Taylor Doha,9,agent,properties,studio,Mesaieed,1,1,1,1,1,1,1,yes,28
10/11/2021,Taylor Doha,9,agent,properties,studio,Mesaieed,1,1,1,1,1,1,1,yes,28
10/11/2021,Taylor Doha,9,agent,properties,studio,Mesaieed,1,1,1,1,1,1,1,yes,28
10/11/2021,Taylor Doha,9,agent,properties,studio,Mesaieed,1,8,1,1,1,1,1,yes,28
10/11/2021,Taylor Doha,9,agent,properties,studio,Mesaieed,1,1,1,1,1,1,1,yes,28
10/11/2021,Taylor Doha,9,agent,properties,studio,Mesaieed,1,1,7,1,1,1,1,yes,28
10/11/2021,Taylor Doha,9,agent,properties,studio,Mesaieed,1,1,1,1,8,1,1,yes,28
10/11/2021,Taylor Doha,9,agent,properties,studio,Mesaieed,1,1,1,1,1,1,1,yes,28
10/11/2021,Taylor Doha,9,agent,properties,studio,Mesaieed,1,1,1,1,1,1,5,yes,28
10/11/2021,Taylor Doha,9,agent,properties,studio,Mesaieed,1,1,1,1,1,1,1,yes,28
10/11/2021,Taylor Doha,9,agent,properties,studio,Mesaieed,1,1,1,1,1,1,1,yes,28
10/11/2021,Taylor Doha,9,agent,properties,studio,Mesaieed,1,1,1,1,1,1,1,yes,28
10/11/2021,Taylor Doha,9,agent,properties,studio,Mesaieed,1,1,1,1,1,1,1,yes,28
10/11/2021,Taylor Doha,9,agent,properties,studio,Mesaieed,1,1,1,1,1,1,1,yes,28
10/11/2021,Taylor Doha,9,agent,properties,studio,Mesaieed,1,1,1,1,1,2,1,yes,28
10/11/2021,Taylor Doha,9,agent,properties,studio,Mesaieed,1,1,1,1,1,1,1,yes,28
10/11/2021,Taylor Doha,9,agent,properties,studio,Mesaieed,1,10,1,1,1,1,1,yes,28
10/12/2021,Taylor Doha,9,agent,properties,studio,Ar-Rayyan,1,1,6,1,1,1,1,yes,29
10/12/2021,Taylor Doha,9,agent,properties,studio,Ar-Rayyan,1,1,1,1,1,1,1,yes,29
10/12/2021,Taylor Doha,9,agent,properties,studio,Ar-Rayyan,1,1,1,1,1,1,1,yes,29
10/12/2021,Taylor Doha,9,agent,properties,studio,Ar-Rayyan,1,1,1,1,1,1,1,yes,29
10/12/2021,Taylor Doha,9,agent,properties,studio,Ar-Rayyan,1,1,1,1,1,1,1,yes,29
10/12/2021,Taylor Doha,9,agent,properties,studio,Ar-Rayyan,1,1,1,1,1,1,1,yes,29
10/12/2021,Taylor Doha,9,agent,properties,studio,Ar-Rayyan,1,8,1,1,1,1,1,yes,29
10/12/2021,Taylor Doha,9,agent,properties,studio,Ar-Rayyan,1,1,1,1,1,1,1,yes,29
10/12/2021,Taylor Doha,9,agent,properties,studio,Ar-Rayyan,1,1,1,1,1,1,1,yes,29
10/12/2021,Taylor Doha,9,agent,properties,studio,Ar-Rayyan,1,1,1,1,1,1,1,yes,29
10/7/2021,Qatar Property Planet,10,classified,properties,studio,Ar-Rayyan,1,1,1,1,1,1,1,yes,30
10/7/2021,Qatar Property Planet,10,classified,properties,studio,Ar-Rayyan,1,7,6,1,1,5,1,yes,30
10/7/2021,Qatar Property Planet,10,classified,properties,studio,Ar-Rayyan,1,1,1,1,1,1,1,yes,30
10/7/2021,Qatar Property Planet,10,classified,properties,studio,Ar-Rayyan,1,1,1,1,1,1,1,yes,30
10/7/2021,Qatar Property Planet,10,classified,properties,studio,Ar-Rayyan,1,1,1,2,1,1,3,yes,30
10/7/2021,Qatar Property Planet,10,classified,properties,studio,Ar-Rayyan,1,7,1,1,1,1,1,yes,30
10/7/2021,Qatar Property Planet,10,classified,properties,studio,Ar-Rayyan,1,1,5,1,1,1,1,yes,30
10/7/2021,Qatar Property Planet,10,classified,properties,studio,Ar-Rayyan,1,1,1,2,1,1,1,yes,30
10/7/2021,Qatar Property Planet,10,classified,properties,studio,Ar-Rayyan,1,1,1,1,1,1,1,yes,30
10/7/2021,Qatar Property Planet,10,classified,properties,studio,Ar-Rayyan,1,1,2,1,1,1,1,yes,30
10/8/2021,Qatar Property Planet,10,classified,properties,1bhk,Ar-Rayyan,1,1,1,1,1,1,1,yes,31
10/8/2021,Qatar Property Planet,10,classified,properties,1bhk,Ar-Rayyan,1,1,1,1,1,1,1,yes,31
10/8/2021,Qatar Property Planet,10,classified,properties,1bhk,Ar-Rayyan,1,1,1,1,1,1,1,yes,31
10/8/2021,Qatar Property Planet,10,classified,properties,1bhk,Ar-Rayyan,1,1,1,1,1,1,1,yes,31
10/8/2021,Qatar Property Planet,10,classified,properties,1bhk,Ar-Rayyan,1,1,1,1,1,1,1,yes,31
10/8/2021,Qatar Property Planet,10,classified,properties,1bhk,Ar-Rayyan,1,6,5,7,2,6,5,yes,31
10/8/2021,Qatar Property Planet,10,classified,properties,1bhk,Ar-Rayyan,1,1,1,1,1,1,1,yes,31
10/8/2021,Qatar Property Planet,10,classified,properties,1bhk,Ar-Rayyan,1,1,1,1,1,1,1,yes,31
10/8/2021,Qatar Property Planet,10,classified,properties,1bhk,Ar-Rayyan,1,1,1,1,1,1,1,yes,31
10/8/2021,Qatar Property Planet,10,classified,properties,1bhk,Ar-Rayyan,1,1,1,1,1,1,1,yes,31
10/9/2021,Qatar Property Planet,10,classified,properties,1bhk,Ar-Rayyan,1,1,1,1,1,1,1,yes,31
10/9/2021,Qatar Property Planet,10,classified,properties,1bhk,Ar-Rayyan,1,1,1,1,1,1,1,yes,31
10/9/2021,Qatar Property Planet,10,classified,properties,1bhk,Ar-Rayyan,1,1,1,1,1,1,1,yes,31
10/9/2021,Qatar Property Planet,10,classified,properties,1bhk,Ar-Rayyan,1,1,1,1,1,1,1,yes,31
10/9/2021,Qatar Property Planet,10,classified,properties,1bhk,Ar-Rayyan,1,1,1,1,1,1,1,yes,31
10/9/2021,Qatar Property Planet,10,classified,properties,1bhk,Ar-Rayyan,1,1,1,1,1,1,1,yes,31
10/9/2021,Qatar Property Planet,10,classified,properties,1bhk,Ar-Rayyan,1,1,1,1,1,1,1,yes,31
10/9/2021,Qatar Property Planet,10,classified,properties,1bhk,Ar-Rayyan,1,1,1,1,1,1,1,yes,31
10/9/2021,Qatar Property Planet,10,classified,properties,1bhk,Ar-Rayyan,1,1,1,1,1,1,1,yes,31
10/9/2021,Qatar Property Planet,10,classified,properties,1bhk,Ar-Rayyan,1,1,1,1,1,1,1,yes,31
10/10/2021,Qatar Property Planet,10,classified,properties,2bhk,Ar-Rayyan,2,1,1,1,1,1,1,yes,32
10/10/2021,Qatar Property Planet,10,classified,properties,2bhk,Ar-Rayyan,2,1,1,1,1,1,1,yes,32
10/10/2021,Qatar Property Planet,10,classified,properties,2bhk,Ar-Rayyan,2,1,1,1,1,1,1,yes,32
10/10/2021,Qatar Property Planet,10,classified,properties,2bhk,Ar-Rayyan,2,1,1,1,1,1,1,yes,32
10/10/2021,Qatar Property Planet,10,classified,properties,2bhk,Ar-Rayyan,2,1,1,1,1,1,1,yes,32
10/10/2021,Qatar Property Planet,10,classified,properties,2bhk,Ar-Rayyan,2,1,1,1,1,1,1,yes,32
10/10/2021,Qatar Property Planet,10,classified,properties,2bhk,Ar-Rayyan,2,1,1,1,1,1,1,yes,32
10/10/2021,Qatar Property Planet,10,classified,properties,2bhk,Ar-Rayyan,2,1,1,1,1,1,1,yes,32
10/10/2021,Qatar Property Planet,10,classified,properties,2bhk,Ar-Rayyan,2,1,1,1,1,1,1,yes,32
10/10/2021,Qatar Property Planet,10,classified,properties,2bhk,Ar-Rayyan,2,1,1,1,1,1,1,yes,32
10/11/2021,Zukhrof Real Estate,11,classified,properties,studio,Ar-Rayyan,1,1,1,1,1,1,1,yes,33
10/11/2021,Zukhrof Real Estate,11,classified,properties,studio,Ar-Rayyan,1,1,1,1,1,1,1,yes,33
10/11/2021,Zukhrof Real Estate,11,classified,properties,studio,Ar-Rayyan,1,1,1,1,1,1,1,yes,33
10/11/2021,Zukhrof Real Estate,11,classified,properties,studio,Ar-Rayyan,1,1,1,1,1,1,1,yes,33
10/11/2021,Zukhrof Real Estate,11,classified,properties,studio,Ar-Rayyan,1,1,1,1,1,1,1,yes,33
10/11/2021,Zukhrof Real Estate,11,classified,properties,studio,Ar-Rayyan,1,1,1,1,1,1,1,yes,33
10/11/2021,Zukhrof Real Estate,11,classified,properties,studio,Ar-Rayyan,1,1,1,1,1,1,1,yes,33
10/11/2021,Zukhrof Real Estate,11,classified,properties,studio,Ar-Rayyan,1,1,1,1,1,1,6,yes,33
10/11/2021,Zukhrof Real Estate,11,classified,properties,studio,Ar-Rayyan,1,1,1,9,1,7,1,yes,33
10/11/2021,Zukhrof Real Estate,11,classified,properties,studio,Ar-Rayyan,1,1,1,1,1,1,1,yes,33
10/12/2021,Zukhrof Real Estate,11,classified,properties,studio,Ar-Rayyan,1,1,1,1,1,1,1,yes,33
10/12/2021,Zukhrof Real Estate,11,classified,properties,studio,Ar-Rayyan,1,1,1,1,1,1,1,yes,33
10/12/2021,Zukhrof Real Estate,11,classified,properties,studio,Ar-Rayyan,1,1,1,1,5,1,1,yes,33
10/12/2021,Zukhrof Real Estate,11,classified,properties,studio,Ar-Rayyan,1,1,1,1,1,5,1,yes,33
10/12/2021,Zukhrof Real Estate,11,classified,properties,studio,Ar-Rayyan,1,1,1,1,1,1,1,yes,33
10/12/2021,Zukhrof Real Estate,11,classified,properties,studio,Ar-Rayyan,1,1,1,1,1,1,7,yes,33
10/12/2021,Zukhrof Real Estate,11,classified,properties,studio,Ar-Rayyan,1,1,8,1,1,1,1,yes,33
10/12/2021,Zukhrof Real Estate,11,classified,properties,studio,Ar-Rayyan,1,1,1,1,1,1,1,yes,33
10/12/2021,Zukhrof Real Estate,11,classified,properties,studio,Ar-Rayyan,1,1,1,1,1,1,1,yes,33
10/12/2021,Zukhrof Real Estate,11,classified,properties,studio,Ar-Rayyan,1,8,1,1,1,5,1,yes,33
10/13/2021,Zukhrof Real Estate,11,classified,properties,studio,Ar-Rayyan,1,1,1,1,1,1,1,yes,33
10/13/2021,Zukhrof Real Estate,11,classified,properties,studio,Ar-Rayyan,1,1,1,1,1,1,1,yes,33
10/13/2021,Zukhrof Real Estate,11,classified,properties,studio,Ar-Rayyan,1,1,1,1,1,1,8,yes,33
10/13/2021,Zukhrof Real Estate,11,classified,properties,studio,Ar-Rayyan,1,1,1,2,1,1,1,yes,33
10/13/2021,Zukhrof Real Estate,11,classified,properties,studio,Ar-Rayyan,1,1,1,1,6,1,1,yes,33
10/13/2021,Zukhrof Real Estate,11,classified,properties,studio,Ar-Rayyan,1,1,5,1,1,1,1,yes,33
10/13/2021,Zukhrof Real Estate,11,classified,properties,studio,Ar-Rayyan,1,1,1,1,1,1,1,yes,33
10/13/2021,Zukhrof Real Estate,11,classified,properties,studio,Ar-Rayyan,1,1,1,1,1,1,1,yes,33
10/13/2021,Zukhrof Real Estate,11,classified,properties,studio,Ar-Rayyan,1,1,1,1,1,1,1,yes,33
10/13/2021,Zukhrof Real Estate,11,classified,properties,studio,Ar-Rayyan,1,1,1,1,1,1,1,yes,33
10/14/2021,Zukhrof Real Estate,11,classified,properties,studio,Ar-Rayyan,1,1,1,1,1,1,6,yes,33
10/14/2021,Zukhrof Real Estate,11,classified,properties,studio,Ar-Rayyan,1,1,1,1,1,2,1,yes,33
10/14/2021,Zukhrof Real Estate,11,classified,properties,studio,Ar-Rayyan,1,1,1,1,1,1,1,yes,33
10/14/2021,Zukhrof Real Estate,11,classified,properties,studio,Ar-Rayyan,1,7,1,1,1,1,1,yes,33
10/14/2021,Zukhrof Real Estate,11,classified,properties,studio,Ar-Rayyan,1,1,1,1,6,1,1,yes,33
10/14/2021,Zukhrof Real Estate,11,classified,properties,studio,Ar-Rayyan,1,1,4,2,1,1,2,yes,33
10/14/2021,Zukhrof Real Estate,11,classified,properties,studio,Ar-Rayyan,1,1,1,1,1,1,1,yes,33
10/14/2021,Zukhrof Real Estate,11,classified,properties,studio,Ar-Rayyan,1,1,1,1,1,1,1,yes,33
10/14/2021,Zukhrof Real Estate,11,classified,properties,studio,Ar-Rayyan,1,1,1,1,1,1,1,yes,33
10/14/2021,Zukhrof Real Estate,11,classified,properties,studio,Ar-Rayyan,1,1,1,1,1,1,1,yes,33
10/14/2021,Zukhrof Real Estate,11,classified,properties,studio,Ar-Rayyan,1,1,1,1,1,1,1,yes,33
10/14/2021,Zukhrof Real Estate,11,classified,properties,studio,Al-Wakrah,1,1,1,1,1,1,1,yes,34
10/14/2021,Zukhrof Real Estate,11,classified,properties,studio,Al-Wakrah,1,6,3,1,8,2,1,yes,34
10/14/2021,Zukhrof Real Estate,11,classified,properties,studio,Al-Wakrah,1,1,1,1,1,1,1,yes,34
10/14/2021,Zukhrof Real Estate,11,classified,properties,studio,Al-Wakrah,1,1,1,1,1,1,1,yes,34
10/14/2021,Zukhrof Real Estate,11,classified,properties,studio,Al-Wakrah,1,1,1,1,1,1,1,yes,34
10/14/2021,Zukhrof Real Estate,11,classified,properties,studio,Al-Wakrah,1,1,1,1,1,1,1,yes,34
10/14/2021,Zukhrof Real Estate,11,classified,properties,studio,Al-Wakrah,1,1,1,1,1,1,1,yes,34
10/14/2021,Zukhrof Real Estate,11,classified,properties,studio,Al-Wakrah,1,1,1,1,1,1,1,yes,34
10/14/2021,Zukhrof Real Estate,11,classified,properties,studio,Al-Wakrah,1,1,1,1,1,1,1,yes,34
10/11/2021,Zukhrof Real Estate,11,classified,properties,1bhk,Al-Wakrah,1,1,1,1,1,1,1,yes,35
10/11/2021,Zukhrof Real Estate,11,classified,properties,1bhk,Al-Wakrah,1,1,1,1,1,1,1,yes,35
10/11/2021,Zukhrof Real Estate,11,classified,properties,1bhk,Al-Wakrah,1,1,1,1,1,1,1,yes,35
10/11/2021,Zukhrof Real Estate,11,classified,properties,1bhk,Al-Wakrah,1,1,1,1,1,1,1,yes,35
10/11/2021,Zukhrof Real Estate,11,classified,properties,1bhk,Al-Wakrah,1,1,1,1,1,1,1,yes,35
10/11/2021,Zukhrof Real Estate,11,classified,properties,1bhk,Al-Wakrah,1,1,1,1,1,1,1,yes,35
10/11/2021,Zukhrof Real Estate,11,classified,properties,1bhk,Al-Wakrah,1,1,1,1,1,1,1,yes,35
10/11/2021,Zukhrof Real Estate,11,classified,properties,1bhk,Al-Wakrah,1,1,1,1,1,1,1,yes,35
10/11/2021,Zukhrof Real Estate,11,classified,properties,1bhk,Al-Wakrah,1,1,5,1,1,1,1,yes,35
10/11/2021,Zukhrof Real Estate,11,classified,properties,1bhk,Al-Wakrah,1,5,1,1,1,1,1,yes,35
10/11/2021,Zukhrof Real Estate,11,classified,properties,1bhk,Al-Wakrah,1,1,1,1,1,1,1,yes,35
10/11/2021,Zukhrof Real Estate,11,classified,properties,1bhk,Al-Wakrah,1,1,1,1,1,1,1,yes,35
10/12/2021,Zukhrof Real Estate,11,classified,properties,1bhk,Al-Wakrah,1,6,1,1,1,1,1,yes,35
10/12/2021,Zukhrof Real Estate,11,classified,properties,1bhk,Al-Wakrah,1,1,1,1,1,1,1,yes,35
10/12/2021,Zukhrof Real Estate,11,classified,properties,1bhk,Al-Wakrah,1,1,1,1,1,1,1,yes,35
10/12/2021,Zukhrof Real Estate,11,classified,properties,1bhk,Al-Wakrah,1,1,1,1,1,1,1,yes,35
10/12/2021,Zukhrof Real Estate,11,classified,properties,1bhk,Al-Wakrah,1,1,1,1,1,1,1,yes,35
10/12/2021,Zukhrof Real Estate,11,classified,properties,1bhk,Al-Wakrah,1,1,1,1,1,1,1,yes,35
10/12/2021,Zukhrof Real Estate,11,classified,properties,1bhk,Al-Wakrah,1,1,4,5,1,1,11,yes,35
10/12/2021,Zukhrof Real Estate,11,classified,properties,1bhk,Al-Wakrah,1,1,1,1,1,5,1,yes,35
10/12/2021,Zukhrof Real Estate,11,classified,properties,1bhk,Al-Wakrah,1,1,1,1,1,1,1,yes,35
10/12/2021,Zukhrof Real Estate,11,classified,properties,1bhk,Al-Wakrah,1,4,1,1,5,1,1,yes,35
10/12/2021,Zukhrof Real Estate,11,classified,properties,1bhk,Al-Wakrah,1,1,1,1,1,1,1,yes,35
10/12/2021,Zukhrof Real Estate,11,classified,properties,1bhk,Al-Wakrah,1,1,1,1,1,1,1,yes,35
10/12/2021,Zukhrof Real Estate,11,classified,properties,1bhk,Al-Wakrah,1,1,3,1,1,1,1,yes,35
10/13/2021,Zukhrof Real Estate,11,classified,properties,1bhk,Al-Wakrah,1,1,1,1,1,7,1,yes,35
10/13/2021,Zukhrof Real Estate,11,classified,properties,1bhk,Al-Wakrah,1,1,1,4,6,1,1,yes,35
10/13/2021,Zukhrof Real Estate,11,classified,properties,1bhk,Al-Wakrah,1,1,1,1,1,1,1,yes,35
10/13/2021,Zukhrof Real Estate,11,classified,properties,1bhk,Al-Wakrah,1,1,1,1,1,1,1,yes,35
10/13/2021,Zukhrof Real Estate,11,classified,properties,1bhk,Al-Wakrah,1,1,1,1,1,1,1,yes,35
10/13/2021,Zukhrof Real Estate,11,classified,properties,1bhk,Al-Wakrah,1,2,5,1,1,9,1,yes,35
10/13/2021,Zukhrof Real Estate,11,classified,properties,1bhk,Al-Wakrah,1,1,1,1,1,1,2,yes,35
10/13/2021,Zukhrof Real Estate,11,classified,properties,1bhk,Al-Wakrah,1,1,1,1,4,1,1,yes,35
10/13/2021,Zukhrof Real Estate,11,classified,properties,1bhk,Al-Wakrah,1,1,1,1,1,1,1,yes,35
10/14/2021,Zukhrof Real Estate,11,classified,properties,2bhk,Al-Wakrah,2,1,1,1,1,1,1,yes,36
10/14/2021,Zukhrof Real Estate,11,classified,properties,2bhk,Al-Wakrah,2,1,1,1,1,1,1,yes,36
10/14/2021,Zukhrof Real Estate,11,classified,properties,2bhk,Al-Wakrah,2,1,1,7,8,8,1,yes,36
10/14/2021,Zukhrof Real Estate,11,classified,properties,2bhk,Al-Wakrah,2,1,6,1,1,1,1,yes,36
10/14/2021,Zukhrof Real Estate,11,classified,properties,2bhk,Al-Wakrah,2,1,1,1,1,1,1,yes,36
10/14/2021,Zukhrof Real Estate,11,classified,properties,2bhk,Al-Wakrah,2,1,1,1,1,1,1,yes,36
10/14/2021,Zukhrof Real Estate,11,classified,properties,2bhk,Al-Wakrah,2,2,1,1,1,1,3,yes,36
10/14/2021,Zukhrof Real Estate,11,classified,properties,2bhk,Al-Wakrah,2,1,1,1,7,1,1,yes,36
10/14/2021,Zukhrof Real Estate,11,classified,properties,2bhk,Al-Wakrah,2,1,1,1,1,4,1,yes,36
10/14/2021,Zukhrof Real Estate,11,classified,properties,2bhk,Al-Wakrah,2,1,1,1,1,1,1,yes,36
10/14/2021,Zukhrof Real Estate,11,classified,properties,2bhk,Al-Wakrah,2,1,1,8,1,1,1,yes,36
10/15/2021,Zukhrof Real Estate,11,classified,properties,2bhk,Al-Wakrah,2,1,5,1,9,1,1,yes,36
10/15/2021,Zukhrof Real Estate,11,classified,properties,2bhk,Al-Wakrah,2,1,1,1,1,1,1,yes,36
10/15/2021,Zukhrof Real Estate,11,classified,properties,2bhk,Al-Wakrah,2,1,1,1,1,1,1,yes,36
10/15/2021,Zukhrof Real Estate,11,classified,properties,2bhk,Al-Wakrah,2,1,1,1,1,1,1,yes,36
10/15/2021,Zukhrof Real Estate,11,classified,properties,2bhk,Al-Wakrah,2,1,1,9,1,1,1,yes,36
10/16/2021,Homes 2 Rent,12,classified,properties,apartment,Al-Wakrah,3,1,1,1,1,1,1,yes,37
10/16/2021,Homes 2 Rent,12,classified,properties,apartment,Al-Wakrah,3,1,1,1,1,1,1,yes,37
10/16/2021,Homes 2 Rent,12,classified,properties,apartment,Al-Wakrah,3,1,1,1,1,1,1,yes,37
10/16/2021,Homes 2 Rent,12,classified,properties,apartment,Al-Wakrah,3,1,1,1,1,1,1,yes,37
10/16/2021,Homes 2 Rent,12,classified,properties,apartment,Al-Wakrah,3,1,1,1,1,1,1,yes,37
10/16/2021,Homes 2 Rent,12,classified,properties,apartment,Al-Wakrah,3,1,1,1,1,1,1,yes,37
10/16/2021,Homes 2 Rent,12,classified,properties,apartment,Al-Wakrah,2,6,4,4,3,1,1,yes,38
10/16/2021,Homes 2 Rent,12,classified,properties,apartment,Al-Wakrah,2,1,1,1,1,1,1,yes,38
10/16/2021,Homes 2 Rent,12,classified,properties,apartment,Al-Wakrah,2,1,1,1,1,1,1,yes,38
10/16/2021,Homes 2 Rent,12,classified,properties,apartment,Al-Wakrah,2,1,1,1,1,1,1,yes,38
10/16/2021,Homes 2 Rent,12,classified,properties,apartment,Al-Wakrah,2,1,1,1,1,1,1,yes,38
10/16/2021,Homes 2 Rent,12,classified,properties,apartment,Al-Wakrah,2,1,1,1,1,1,1,yes,38
10/16/2021,Homes 2 Rent,12,classified,properties,apartment,Al-Wakrah,2,1,1,1,1,1,1,yes,38
10/16/2021,Homes 2 Rent,12,classified,properties,apartment,Al-Wakrah,2,1,1,1,1,1,1,yes,38
10/16/2021,Homes 2 Rent,12,classified,properties,apartment,Al-Wakrah,2,1,1,1,1,1,1,yes,38
10/16/2021,Homes 2 Rent,12,classified,properties,apartment,Al-Wakrah,2,1,1,1,1,1,1,yes,38
10/16/2021,Homes 2 Rent,12,classified,properties,apartment,Al-Wakrah,2,1,1,1,1,1,1,yes,38
10/16/2021,Homes 2 Rent,12,classified,properties,apartment,Al-Wakrah,2,1,1,1,1,1,1,yes,38
10/16/2021,Homes 2 Rent,12,classified,properties,apartment,Al-Wakrah,2,1,1,1,1,1,1,yes,38
10/16/2021,Homes 2 Rent,12,classified,properties,apartment,Al-Wakrah,2,1,1,1,1,1,1,yes,38
10/16/2021,Homes 2 Rent,12,classified,properties,apartment,Al-Wakrah,2,1,1,1,1,1,1,yes,38
10/16/2021,Homes 2 Rent,12,classified,properties,apartment,Al-Wakrah,2,1,1,1,1,1,1,yes,38
10/16/2021,Homes 2 Rent,12,classified,properties,apartment,Al-Wakrah,2,1,1,1,1,1,1,yes,38
10/16/2021,Homes 2 Rent,12,classified,properties,apartment,Al-Wakrah,2,1,1,1,1,1,1,yes,38
10/16/2021,Homes 2 Rent,12,classified,properties,apartment,Al-Wakrah,2,1,1,1,1,1,1,yes,38
10/16/2021,Homes 2 Rent,12,classified,properties,apartment,Al-Wakrah,2,1,1,1,1,1,1,yes,38
10/16/2021,Homes 2 Rent,12,classified,properties,apartment,Al-Wakrah,2,1,1,1,1,1,1,yes,38
10/16/2021,Homes 2 Rent,12,classified,properties,apartment,Al-Wakrah,2,1,1,1,1,1,1,yes,38
10/16/2021,Homes 2 Rent,12,classified,properties,apartment,Al-Wakrah,2,1,1,1,1,1,1,yes,38
10/16/2021,Homes 2 Rent,12,classified,properties,apartment,Al-Wakrah,2,1,7,1,1,5,5,yes,38
10/16/2021,Homes 2 Rent,12,classified,properties,apartment,Al-Wakrah,2,1,1,9,1,1,1,yes,38
10/16/2021,Homes 2 Rent,12,classified,properties,apartment,Al-Wakrah,2,1,1,1,1,1,1,yes,38
10/16/2021,Homes 2 Rent,12,classified,properties,apartment,Al-Wakrah,2,1,1,1,1,1,1,yes,38
10/16/2021,Homes 2 Rent,12,classified,properties,apartment,Al-Wakrah,2,1,1,1,1,1,1,yes,38
10/16/2021,Homes 2 Rent,12,classified,properties,apartment,Al-Wakrah,2,1,1,1,8,1,1,yes,38
10/16/2021,Homes 2 Rent,12,classified,properties,apartment,Al-Wakrah,2,1,1,1,1,1,1,yes,38
10/16/2021,Homes 2 Rent,12,classified,properties,apartment,Al-Wakrah,2,1,1,1,1,9,1,yes,38
10/16/2021,Homes 2 Rent,12,classified,properties,apartment,Al-Wakrah,2,1,1,1,1,1,1,yes,38
10/16/2021,Homes 2 Rent,12,classified,properties,apartment,Al-Wakrah,2,1,1,1,1,1,1,yes,38
10/16/2021,Homes 2 Rent,12,classified,properties,apartment,Al-Wakrah,2,1,1,1,1,1,1,yes,38
10/16/2021,Homes 2 Rent,12,classified,properties,apartment,Al-Wakrah,2,1,1,1,1,1,1,yes,38
10/17/2021,Homes 2 Rent,12,classified,properties,apartment,Al-Wakrah,2,5,1,1,1,1,2,yes,38
10/17/2021,Homes 2 Rent,12,classified,properties,apartment,Al-Wakrah,2,1,1,1,1,1,1,yes,38
10/17/2021,Homes 2 Rent,12,classified,properties,apartment,Al-Wakrah,2,1,1,1,1,1,1,yes,38
10/17/2021,Homes 2 Rent,12,classified,properties,apartment,Al-Wakrah,2,1,1,1,1,1,1,yes,38
10/17/2021,Homes 2 Rent,12,classified,properties,apartment,Al-Wakrah,2,1,1,9,8,1,1,yes,38
10/17/2021,Homes 2 Rent,12,classified,properties,apartment,Al-Wakrah,2,1,5,1,1,8,1,yes,38
10/17/2021,Homes 2 Rent,12,classified,properties,apartment,Al-Wakrah,2,1,1,1,1,1,1,yes,38
10/17/2021,Homes 2 Rent,12,classified,properties,apartment,Al-Wakrah,2,1,1,1,1,1,1,yes,38
10/17/2021,Homes 2 Rent,12,classified,properties,apartment,Al-Wakrah,3,1,1,1,1,1,1,yes,37
10/17/2021,Homes 2 Rent,12,classified,properties,apartment,Al-Wakrah,3,1,1,1,1,1,9,yes,37
10/17/2021,Homes 2 Rent,12,classified,properties,apartment,Al-Wakrah,3,1,1,1,1,1,1,yes,37
10/17/2021,Homes 2 Rent,12,classified,properties,apartment,Al-Wakrah,3,1,1,1,1,9,1,yes,37
10/17/2021,Homes 2 Rent,12,classified,properties,apartment,Al-Wakrah,3,1,1,1,1,1,1,yes,37
10/17/2021,Homes 2 Rent,12,classified,properties,apartment,Al-Wakrah,3,1,1,3,1,1,1,yes,37
10/17/2021,Homes 2 Rent,12,classified,properties,apartment,Al-Wakrah,3,4,1,1,1,1,1,yes,37
10/17/2021,Homes 2 Rent,12,classified,properties,apartment,Al-Wakrah,3,1,1,1,1,1,1,yes,37
10/17/2021,Homes 2 Rent,12,classified,properties,apartment,Al-Wakrah,3,1,1,1,1,1,8,yes,37
10/17/2021,Homes 2 Rent,12,classified,properties,apartment,Al-Wakrah,3,1,1,1,7,1,1,yes,37
10/17/2021,Homes 2 Rent,12,classified,properties,apartment,Al-Wakrah,3,1,1,1,1,1,1,yes,37
10/17/2021,Homes 2 Rent,12,classified,properties,apartment,Al-Wakrah,3,1,1,1,1,1,1,yes,37
10/17/2021,Homes 2 Rent,12,classified,properties,apartment,Al-Wakrah,3,1,3,1,1,1,1,yes,37
10/17/2021,Homes 2 Rent,12,classified,properties,apartment,Al-Wakrah,3,1,1,1,1,8,8,yes,37
10/17/2021,Homes 2 Rent,12,classified,properties,apartment,Al-Wakrah,3,7,1,1,4,1,1,yes,37
10/17/2021,Homes 2 Rent,12,classified,properties,apartment,Al-Wakrah,3,1,1,1,1,1,1,yes,37
10/17/2021,Homes 2 Rent,12,classified,properties,apartment,Al-Wakrah,3,1,1,1,1,8,1,yes,37
10/17/2021,Homes 2 Rent,12,classified,properties,apartment,Al-Wakrah,3,1,1,1,1,1,1,yes,37
10/17/2021,Homes 2 Rent,12,classified,properties,apartment,Al-Wakrah,3,1,1,1,1,1,1,yes,37
10/17/2021,Homes 2 Rent,12,classified,properties,apartment,Al-Wakrah,3,1,1,1,1,1,1,yes,37
10/17/2021,Homes 2 Rent,12,classified,properties,apartment,Al-Wakrah,3,1,1,1,1,1,1,yes,37
10/17/2021,Homes 2 Rent,12,classified,properties,apartment,Al-Wakrah,3,1,1,1,1,1,1,yes,37
10/17/2021,Homes 2 Rent,12,classified,properties,apartment,Al-Wakrah,3,1,1,1,1,1,1,yes,37
10/17/2021,Homes 2 Rent,12,classified,properties,apartment,Al-Wakrah,3,1,1,1,1,1,1,yes,37
10/18/2021,Homes 2 Rent,12,classified,properties,1bh,Al-Wakrah,1,1,1,1,1,1,1,yes,39
10/18/2021,Homes 2 Rent,12,classified,properties,1bh,Al-Wakrah,1,1,1,1,1,1,1,yes,39
10/18/2021,Homes 2 Rent,12,classified,properties,1bh,Al-Wakrah,1,1,1,1,1,1,1,yes,39
10/18/2021,Homes 2 Rent,12,classified,properties,1bh,Al-Wakrah,1,1,1,1,1,1,1,yes,39
10/18/2021,Homes 2 Rent,12,classified,properties,1bh,Al-Wakrah,1,1,1,1,1,1,1,yes,39
10/18/2021,Homes 2 Rent,12,classified,properties,1bh,Al-Wakrah,1,1,1,1,1,1,1,yes,39
10/18/2021,Homes 2 Rent,12,classified,properties,1bh,Al-Wakrah,1,1,1,1,5,5,2,yes,39
10/18/2021,Homes 2 Rent,12,classified,properties,1bh,Al-Wakrah,1,1,1,1,1,1,1,yes,39
10/18/2021,Homes 2 Rent,12,classified,properties,1bh,Doha,1,1,1,1,1,1,1,yes,40
10/18/2021,Homes 2 Rent,12,classified,properties,1bh,Doha,1,1,1,1,1,1,1,yes,40
10/18/2021,Homes 2 Rent,12,classified,properties,1bh,Doha,1,1,1,1,1,1,1,yes,40
10/18/2021,Homes 2 Rent,12,classified,properties,1bh,Doha,1,1,1,1,1,1,1,yes,40
10/18/2021,Homes 2 Rent,12,classified,properties,1bh,Doha,1,1,1,1,1,1,1,yes,40
10/18/2021,Homes 2 Rent,12,classified,properties,1bh,Doha,1,1,1,1,1,1,1,yes,40
10/18/2021,Homes 2 Rent,12,classified,properties,1bh,Doha,1,1,1,1,1,1,1,yes,40
10/18/2021,Homes 2 Rent,12,classified,properties,1bh,Doha,1,1,1,1,1,1,1,yes,40
10/18/2021,Homes 2 Rent,12,classified,properties,1bh,Doha,1,1,1,1,1,1,1,yes,40
10/18/2021,Homes 2 Rent,12,classified,properties,1bh,Doha,1,5,5,1,1,1,1,yes,40
10/18/2021,Homes 2 Rent,12,classified,properties,1bh,Doha,1,1,1,1,1,1,1,yes,40
10/18/2021,Homes 2 Rent,12,classified,properties,1bh,Doha,1,1,1,1,1,1,3,yes,40
10/18/2021,Homes 2 Rent,12,classified,properties,1bh,Doha,1,1,1,6,1,1,1,yes,40
10/18/2021,Homes 2 Rent,12,classified,properties,1bh,Doha,1,5,1,1,1,1,1,yes,40
10/18/2021,Homes 2 Rent,12,classified,properties,1bh,Doha,1,1,1,1,1,1,1,yes,40
10/18/2021,Homes 2 Rent,12,classified,properties,1bh,Doha,1,1,1,1,2,2,1,yes,40
10/18/2021,Homes 2 Rent,12,classified,properties,1bh,Doha,1,1,1,1,1,1,3,yes,40
10/18/2021,Homes 2 Rent,12,classified,properties,1bh,Doha,1,1,6,1,1,1,1,yes,40
10/18/2021,Homes 2 Rent,12,classified,properties,1bh,Doha,1,1,1,5,1,1,1,yes,40
10/18/2021,Homes 2 Rent,12,classified,properties,1bh,Doha,1,1,1,1,1,1,1,yes,40
10/18/2021,Homes 2 Rent,12,classified,properties,1bh,Doha,1,1,1,1,4,1,1,yes,40
10/18/2021,Homes 2 Rent,12,classified,properties,1bh,Doha,1,1,1,1,1,1,1,yes,40
10/19/2021,Homes 2 Rent,12,classified,properties,1bh,Doha,1,1,1,1,1,2,4,yes,40
10/19/2021,Homes 2 Rent,12,classified,properties,1bh,Doha,1,5,1,5,1,1,1,yes,40
10/19/2021,Homes 2 Rent,12,classified,properties,1bh,Doha,1,1,1,1,1,1,1,yes,40
10/19/2021,Homes 2 Rent,12,classified,properties,1bh,Doha,1,1,6,1,1,1,1,yes,40
10/19/2021,Homes 2 Rent,12,classified,properties,1bh,Doha,1,1,1,1,1,2,8,yes,40
10/19/2021,Homes 2 Rent,12,classified,properties,1bh,Doha,1,1,1,1,4,1,1,yes,40
10/19/2021,Homes 2 Rent,12,classified,properties,1bh,Doha,1,1,1,4,1,1,1,yes,40
10/19/2021,Homes 2 Rent,12,classified,properties,1bh,Doha,1,1,6,1,1,1,1,yes,40
10/19/2021,Homes 2 Rent,12,classified,properties,1bh,Doha,1,1,1,1,1,1,1,yes,40
10/19/2021,Homes 2 Rent,12,classified,properties,1bh,Doha,1,1,1,1,1,3,5,yes,40
10/19/2021,Homes 2 Rent,12,classified,properties,1bh,Doha,1,1,1,1,1,1,1,yes,40
10/19/2021,Homes 2 Rent,12,classified,properties,1bh,Doha,1,1,1,6,1,1,1,yes,40
10/19/2021,Homes 2 Rent,12,classified,properties,1bh,Doha,1,1,5,1,5,1,1,yes,40
10/19/2021,Homes 2 Rent,12,classified,properties,1bh,Doha,1,1,1,1,1,1,1,yes,40
10/19/2021,Homes 2 Rent,12,classified,properties,1bh,Doha,1,1,1,1,1,5,2,yes,40
10/19/2021,Homes 2 Rent,12,classified,properties,1bh,Doha,1,1,1,1,1,1,1,yes,40
10/19/2021,Homes 2 Rent,12,classified,properties,1bh,Doha,1,5,1,6,1,1,1,yes,40
10/19/2021,Homes 2 Rent,12,classified,properties,1bh,Doha,1,1,1,1,4,1,1,yes,40
10/19/2021,Homes 2 Rent,12,classified,properties,1bh,Doha,1,1,1,1,1,1,1,yes,40
10/19/2021,Homes 2 Rent,12,classified,properties,1bh,Doha,1,1,1,1,1,5,1,yes,40
10/19/2021,Homes 2 Rent,12,classified,properties,1bh,Doha,1,1,1,1,1,1,1,yes,40
10/19/2021,Homes 2 Rent,12,classified,properties,1bh,Doha,1,2,1,1,1,1,1,yes,40
10/19/2021,Homes 2 Rent,12,classified,properties,1bh,Doha,1,1,1,6,1,1,1,yes,40
10/19/2021,Homes 2 Rent,12,classified,properties,1bh,Doha,1,1,5,1,1,1,1,yes,40
10/19/2021,Homes 2 Rent,12,classified,properties,1bh,Doha,1,1,1,1,1,2,5,yes,40
10/19/2021,Homes 2 Rent,12,classified,properties,1bh,Doha,1,1,1,1,1,1,1,yes,40
10/19/2021,Homes 2 Rent,12,classified,properties,1bh,Doha,1,2,1,5,4,1,1,yes,40
10/19/2021,Homes 2 Rent,12,classified,properties,1bh,Doha,1,1,6,1,1,1,1,yes,40
10/19/2021,Homes 2 Rent,12,classified,properties,1bh,Doha,1,1,1,1,1,1,1,yes,40
10/19/2021,Homes 2 Rent,12,classified,properties,1bh,Doha,1,1,1,1,1,1,1,yes,40
10/19/2021,Homes 2 Rent,12,classified,properties,1bh,Doha,1,1,1,1,1,1,1,yes,40
10/19/2021,Homes 2 Rent,12,classified,properties,1bh,Dukhan,1,1,1,1,1,1,1,yes,41
10/20/2021,Homes 2 Rent,12,classified,properties,1bh,Dukhan,1,1,1,1,1,1,1,yes,41
10/19/2021,Homes 2 Rent,12,classified,properties,1bh,Dukhan,1,1,1,1,1,1,1,yes,41
10/19/2021,Homes 2 Rent,12,classified,properties,1bh,Dukhan,1,1,1,1,1,1,1,yes,41
10/19/2021,Homes 2 Rent,12,classified,properties,1bh,Dukhan,1,1,1,1,1,1,1,yes,41
10/19/2021,Homes 2 Rent,12,classified,properties,1bh,Dukhan,1,1,1,1,1,1,1,yes,41
10/19/2021,Homes 2 Rent,12,classified,properties,1bh,Dukhan,1,1,1,1,1,1,1,yes,41
10/19/2021,Homes 2 Rent,12,classified,properties,1bh,Dukhan,1,1,1,1,1,1,1,yes,41
10/19/2021,Homes 2 Rent,12,classified,properties,1bh,Dukhan,1,1,1,1,1,1,1,yes,41
10/19/2021,Homes 2 Rent,12,classified,properties,1bh,Dukhan,1,3,1,1,1,5,5,yes,41
10/19/2021,Homes 2 Rent,12,classified,properties,1bh,Dukhan,1,1,2,7,5,1,1,yes,41
10/19/2021,Homes 2 Rent,12,classified,properties,1bh,Dukhan,1,1,1,1,1,1,1,yes,41
10/19/2021,Homes 2 Rent,12,classified,properties,1bh,Dukhan,1,1,1,1,1,1,1,yes,41
10/19/2021,Homes 2 Rent,12,classified,properties,1bh,Dukhan,1,1,1,1,1,1,1,yes,41
10/19/2021,Homes 2 Rent,12,classified,properties,1bh,Dukhan,1,1,1,1,1,1,1,yes,41
10/19/2021,Homes 2 Rent,12,classified,properties,1bh,Dukhan,1,1,1,1,4,1,1,yes,41
10/19/2021,Homes 2 Rent,12,classified,properties,1bh,Dukhan,1,1,1,1,1,1,1,yes,41
10/19/2021,Homes 2 Rent,12,classified,properties,1bh,Dukhan,1,1,2,1,1,5,3,yes,41
10/19/2021,Homes 2 Rent,12,classified,properties,1bh,Dukhan,1,4,1,5,1,1,1,yes,41
10/19/2021,Homes 2 Rent,12,classified,properties,1bh,Dukhan,1,1,1,1,1,1,1,yes,41
10/19/2021,Homes 2 Rent,12,classified,properties,1bh,Dukhan,1,1,1,1,1,1,1,yes,41
10/19/2021,Homes 2 Rent,12,classified,properties,1bh,Dukhan,1,1,1,1,1,1,1,yes,41
10/19/2021,Homes 2 Rent,12,classified,properties,1bh,Dukhan,1,1,1,1,1,1,1,yes,41
10/19/2021,Homes 2 Rent,12,classified,properties,1bh,Dukhan,1,1,1,1,6,1,1,yes,41
10/19/2021,Homes 2 Rent,12,classified,properties,1bh,Dukhan,1,1,1,1,1,1,1,yes,41
10/19/2021,Homes 2 Rent,12,classified,properties,1bh,Dukhan,1,1,5,4,1,6,1,yes,41
10/19/2021,Homes 2 Rent,12,classified,properties,1bh,Dukhan,1,1,1,1,1,1,1,yes,41
10/19/2021,Homes 2 Rent,12,classified,properties,1bh,Dukhan,1,1,1,1,1,1,1,yes,41
10/19/2021,Homes 2 Rent,12,classified,properties,1bh,Dukhan,1,1,1,1,1,1,1,yes,41
10/21/2021,Homes 2 Rent,12,classified,properties,1bh,Dukhan,1,1,1,1,1,1,5,yes,41
10/21/2021,Homes 2 Rent,12,classified,properties,1bh,Dukhan,1,1,1,1,5,1,1,yes,41
10/21/2021,Homes 2 Rent,12,classified,properties,1bh,Dukhan,1,1,4,1,1,5,1,yes,41
10/21/2021,Homes 2 Rent,12,classified,properties,1bh,Dukhan,1,1,1,1,1,1,1,yes,41
10/21/2021,Homes 2 Rent,12,classified,properties,1bh,Dukhan,1,8,1,1,1,1,1,yes,41
10/21/2021,Homes 2 Rent,12,classified,properties,1bh,Dukhan,1,1,1,1,1,1,1,yes,41
10/21/2021,Homes 2 Rent,12,classified,properties,1bh,Dukhan,1,1,1,1,1,1,1,yes,41
10/21/2021,Homes 2 Rent,12,classified,properties,1bh,Dukhan,1,1,1,2,5,1,1,yes,41
10/21/2021,Homes 2 Rent,12,classified,properties,1bh,Dukhan,1,1,1,1,1,1,1,yes,41
10/21/2021,Homes 2 Rent,12,classified,properties,1bh,Dukhan,1,1,1,1,1,5,5,yes,41
10/21/2021,Homes 2 Rent,12,classified,properties,1bh,Dukhan,1,1,1,1,1,1,1,yes,41
10/21/2021,Homes 2 Rent,12,classified,properties,1bh,Dukhan,1,1,3,1,1,1,1,yes,41
10/21/2021,Homes 2 Rent,12,classified,properties,1bh,Dukhan,1,7,1,1,1,1,1,yes,41
10/21/2021,Homes 2 Rent,12,classified,properties,1bh,Dukhan,1,1,1,1,1,1,1,yes,41
10/21/2021,Homes 2 Rent,12,classified,properties,1bh,Dukhan,1,1,1,2,1,1,1,yes,41
10/21/2021,Homes 2 Rent,12,classified,properties,1bh,Dukhan,1,1,1,1,5,1,1,yes,41
10/21/2021,Homes 2 Rent,12,classified,properties,1bh,Dukhan,1,6,1,1,1,1,1,yes,41
10/21/2021,Homes 2 Rent,12,classified,properties,1bh,Dukhan,1,1,1,1,1,1,1,yes,41
10/21/2021,Homes 2 Rent,12,classified,properties,1bh,Dukhan,1,1,1,1,1,1,1,yes,41
10/21/2021,Homes 2 Rent,12,classified,properties,1bh,Dukhan,1,1,1,1,1,1,1,yes,41
10/21/2021,Homes 2 Rent,12,classified,properties,1bh,Dukhan,1,1,1,1,1,1,1,yes,41
10/21/2021,Homes 2 Rent,12,classified,properties,1bh,Dukhan,1,1,1,1,1,1,1,yes,41
10/21/2021,Homes 2 Rent,12,classified,properties,1bh,Dukhan,1,1,1,1,1,1,1,yes,41
10/21/2021,Homes 2 Rent,12,classified,properties,1bh,Dukhan,1,1,1,1,1,1,1,yes,41
10/22/2021,Homes 2 Rent,12,classified,properties,2bhk,Dukhan,2,1,1,3,4,1,1,yes,42
10/22/2021,Homes 2 Rent,12,classified,properties,2bhk,Dukhan,2,1,1,1,1,3,2,yes,42
10/22/2021,Homes 2 Rent,12,classified,properties,2bhk,Dukhan,2,1,1,1,1,1,1,yes,42
10/22/2021,Homes 2 Rent,12,classified,properties,2bhk,Dukhan,2,1,1,1,1,1,1,yes,42
10/22/2021,Homes 2 Rent,12,classified,properties,2bhk,Dukhan,2,5,2,1,1,1,1,yes,42
10/22/2021,Homes 2 Rent,12,classified,properties,2bhk,Dukhan,2,1,1,1,1,1,1,yes,42
10/22/2021,Homes 2 Rent,12,classified,properties,2bhk,Dukhan,2,1,1,1,1,1,1,yes,42
10/22/2021,Homes 2 Rent,12,classified,properties,2bhk,Dukhan,2,1,1,1,1,1,2,yes,42
10/22/2021,Homes 2 Rent,12,classified,properties,2bhk,Dukhan,2,1,1,1,4,1,1,yes,42
10/22/2021,Homes 2 Rent,12,classified,properties,2bhk,Dukhan,2,1,1,1,1,3,1,yes,42
10/22/2021,Homes 2 Rent,12,classified,properties,2bhk,Dukhan,2,1,1,4,1,1,1,yes,42
10/22/2021,Homes 2 Rent,12,classified,properties,2bhk,Dukhan,2,1,1,1,1,1,1,yes,42
10/22/2021,Homes 2 Rent,12,classified,properties,2bhk,Dukhan,2,1,1,1,1,1,1,yes,42
10/22/2021,Homes 2 Rent,12,classified,properties,2bhk,Dukhan,2,1,1,1,1,1,1,yes,42
10/22/2021,Homes 2 Rent,12,classified,properties,2bhk,Dukhan,2,4,1,1,1,1,2,yes,42
10/22/2021,Homes 2 Rent,12,classified,properties,2bhk,Dukhan,2,1,1,1,1,1,1,yes,42
10/22/2021,Homes 2 Rent,12,classified,properties,2bhk,Dukhan,2,1,1,1,1,1,1,yes,42
10/22/2021,Homes 2 Rent,12,classified,properties,2bhk,Dukhan,2,1,5,1,1,3,1,yes,42
10/22/2021,Homes 2 Rent,12,classified,properties,2bhk,Dukhan,2,1,1,1,1,1,1,yes,42
10/22/2021,Homes 2 Rent,12,classified,properties,2bhk,Dukhan,2,1,1,1,5,1,1,yes,42
10/22/2021,Homes 2 Rent,12,classified,properties,2bhk,Dukhan,2,1,1,1,1,1,1,yes,42
10/22/2021,Homes 2 Rent,12,classified,properties,2bhk,Dukhan,2,1,1,5,1,1,1,yes,42
10/22/2021,Homes 2 Rent,12,classified,properties,2bhk,Dukhan,2,1,1,1,1,1,1,yes,42
10/22/2021,Homes 2 Rent,12,classified,properties,2bhk,Dukhan,2,1,1,1,1,1,1,yes,42
10/22/2021,Homes 2 Rent,12,classified,properties,2bhk,Dukhan,2,1,1,1,1,1,1,yes,42
10/23/2021,Homes 2 Rent,12,classified,properties,2bhk,Dukhan,2,5,1,1,1,5,2,yes,42
10/23/2021,Homes 2 Rent,12,classified,properties,2bhk,Dukhan,2,1,1,1,1,1,1,yes,42
10/23/2021,Homes 2 Rent,12,classified,properties,2bhk,Dukhan,2,1,1,1,1,1,1,yes,42
10/23/2021,Homes 2 Rent,12,classified,properties,2bhk,Dukhan,2,1,1,1,1,1,1,yes,42
10/23/2021,Homes 2 Rent,12,classified,properties,2bhk,Dukhan,2,1,1,1,1,1,1,yes,42
10/23/2021,Homes 2 Rent,12,classified,properties,2bhk,Dukhan,2,1,1,1,1,1,1,yes,42
10/23/2021,Homes 2 Rent,12,classified,properties,2bhk,Dukhan,2,1,1,6,1,1,1,yes,42
10/23/2021,Homes 2 Rent,12,classified,properties,2bhk,Dukhan,2,1,1,1,1,1,1,yes,42
10/23/2021,Homes 2 Rent,12,classified,properties,2bhk,Dukhan,2,1,1,1,2,2,1,yes,42
10/23/2021,Homes 2 Rent,12,classified,properties,2bhk,Dukhan,2,5,7,6,1,1,1,yes,42
10/23/2021,Homes 2 Rent,12,classified,properties,2bhk,Dukhan,2,1,1,1,1,1,2,yes,42
10/23/2021,Homes 2 Rent,12,classified,properties,2bhk,Dukhan,2,1,1,1,1,1,1,yes,42
10/24/2021,Homes 2 Rent,12,classified,properties,studio,Dukhan,1,1,1,1,1,1,1,yes,43
10/24/2021,Homes 2 Rent,12,classified,properties,studio,Dukhan,1,1,1,1,1,1,1,yes,43
10/24/2021,Homes 2 Rent,12,classified,properties,studio,Dukhan,1,1,1,1,1,1,1,yes,43
10/24/2021,Homes 2 Rent,12,classified,properties,studio,Dukhan,1,1,1,1,1,1,1,yes,43
10/24/2021,Homes 2 Rent,12,classified,properties,studio,Dukhan,1,1,1,1,1,1,1,yes,43
10/24/2021,Homes 2 Rent,12,classified,properties,studio,Dukhan,1,1,1,1,1,1,1,yes,43
10/24/2021,Homes 2 Rent,12,classified,properties,studio,Dukhan,1,1,1,3,4,4,8,yes,43
10/24/2021,Homes 2 Rent,12,classified,properties,studio,Dukhan,1,1,1,1,1,1,1,yes,43
10/24/2021,Homes 2 Rent,12,classified,properties,studio,Dukhan,1,1,1,1,1,1,1,yes,43
10/24/2021,Homes 2 Rent,12,classified,properties,studio,Dukhan,1,4,5,1,1,1,1,yes,43
10/24/2021,Homes 2 Rent,12,classified,properties,studio,Dukhan,1,1,1,1,1,3,1,yes,43
10/24/2021,Homes 2 Rent,12,classified,properties,studio,Dukhan,1,1,1,1,1,1,1,yes,43
10/24/2021,Homes 2 Rent,12,classified,properties,studio,Dukhan,1,1,1,1,1,1,6,yes,43
10/24/2021,Homes 2 Rent,12,classified,properties,studio,Dukhan,1,4,1,4,4,1,1,yes,43
10/24/2021,Homes 2 Rent,12,classified,properties,studio,Dukhan,1,1,1,1,1,1,1,yes,43
10/24/2021,Homes 2 Rent,12,classified,properties,studio,Dukhan,1,1,1,1,1,1,1,yes,43
10/24/2021,Homes 2 Rent,12,classified,properties,studio,Dukhan,1,1,1,1,1,3,1,yes,43
10/25/2021,Homes 2 Rent,12,classified,properties,studio,Dukhan,1,1,1,1,1,1,1,yes,43
10/25/2021,Homes 2 Rent,12,classified,properties,studio,Dukhan,1,1,1,1,1,1,1,yes,43
10/25/2021,Homes 2 Rent,12,classified,properties,studio,Dukhan,1,1,1,1,3,1,1,yes,43
10/25/2021,Homes 2 Rent,12,classified,properties,studio,Dukhan,1,1,1,1,1,1,1,yes,43
10/25/2021,Homes 2 Rent,12,classified,properties,studio,Dukhan,1,1,1,1,1,1,1,yes,43
10/25/2021,Homes 2 Rent,12,classified,properties,studio,Dukhan,1,1,1,1,1,3,1,yes,43
10/25/2021,Homes 2 Rent,12,classified,properties,studio,Dukhan,1,3,5,1,1,1,1,yes,43
10/25/2021,Homes 2 Rent,12,classified,properties,studio,Dukhan,1,1,1,1,1,1,1,yes,43
10/25/2021,Homes 2 Rent,12,classified,properties,studio,Dukhan,1,1,1,3,1,1,1,yes,43
10/25/2021,Homes 2 Rent,12,classified,properties,studio,Dukhan,1,1,1,1,1,1,1,yes,43
10/25/2021,Homes 2 Rent,12,classified,properties,studio,Dukhan,1,1,1,1,1,4,4,yes,43
10/25/2021,Homes 2 Rent,12,classified,properties,studio,Dukhan,1,1,1,1,3,1,1,yes,43
10/25/2021,Homes 2 Rent,12,classified,properties,studio,Dukhan,1,1,1,1,1,1,1,yes,43
10/26/2021,Homes 2 Rent,12,classified,properties,studio,Dukhan,1,1,1,1,1,1,1,yes,43
10/26/2021,Homes 2 Rent,12,classified,properties,studio,Dukhan,1,1,5,1,1,1,1,yes,43
10/26/2021,Homes 2 Rent,12,classified,properties,studio,Dukhan,1,1,1,1,1,1,1,yes,43
10/26/2021,Homes 2 Rent,12,classified,properties,studio,Dukhan,1,1,1,1,1,1,1,yes,43
10/26/2021,Homes 2 Rent,12,classified,properties,studio,Dukhan,1,2,1,1,1,1,6,yes,43
10/26/2021,Homes 2 Rent,12,classified,properties,studio,Dukhan,1,1,1,1,3,5,1,yes,43
10/26/2021,Homes 2 Rent,12,classified,properties,studio,Dukhan,1,1,1,1,1,1,1,yes,43
10/26/2021,Homes 2 Rent,12,classified,properties,studio,Dukhan,1,1,1,1,1,1,1,yes,43
10/26/2021,Homes 2 Rent,12,classified,properties,studio,Dukhan,1,1,1,1,1,1,1,yes,43
10/26/2021,Homes 2 Rent,12,classified,properties,studio,Dukhan,1,1,4,4,1,1,1,yes,43
10/26/2021,Homes 2 Rent,12,classified,properties,studio,Dukhan,1,1,1,1,1,1,1,yes,43
10/26/2021,Homes 2 Rent,12,classified,properties,studio,Dukhan,1,1,1,1,1,1,1,yes,43
10/26/2021,Homes 2 Rent,12,classified,properties,studio,Dukhan,1,1,1,1,1,1,1,yes,43
10/27/2021,Homes 2 Rent,12,classified,properties,studio,Dukhan,1,1,1,1,1,6,5,yes,43
10/27/2021,Homes 2 Rent,12,classified,properties,studio,Dukhan,1,1,1,1,1,1,1,yes,43
10/27/2021,Homes 2 Rent,12,classified,properties,studio,Dukhan,1,1,1,1,1,1,1,yes,43
10/27/2021,Homes 2 Rent,12,classified,properties,studio,Dukhan,1,1,1,1,1,1,1,yes,43
10/24/2021,Homes 2 Rent,12,classified,properties,apartment,Dukhan,2,1,1,1,1,1,1,yes,44
10/24/2021,Homes 2 Rent,12,classified,properties,apartment,Dukhan,2,1,1,1,1,1,1,yes,44
10/24/2021,Homes 2 Rent,12,classified,properties,apartment,Dukhan,2,1,1,1,1,1,1,yes,44
10/24/2021,Homes 2 Rent,12,classified,properties,apartment,Dukhan,2,1,1,1,1,1,1,yes,44
10/24/2021,Homes 2 Rent,12,classified,properties,apartment,Dukhan,2,7,2,10,11,2,1,yes,44
10/24/2021,Homes 2 Rent,12,classified,properties,apartment,Dukhan,2,1,1,1,1,1,1,yes,44
10/24/2021,Homes 2 Rent,12,classified,properties,apartment,Dukhan,2,1,1,1,1,1,1,yes,44
10/24/2021,Homes 2 Rent,12,classified,properties,apartment,Dukhan,2,1,1,1,1,1,5,yes,44
10/24/2021,Homes 2 Rent,12,classified,properties,apartment,Dukhan,2,1,1,1,1,2,1,yes,44
10/24/2021,Homes 2 Rent,12,classified,properties,apartment,Dukhan,2,1,1,1,1,1,1,yes,44
10/25/2021,Homes 2 Rent,12,classified,properties,apartment-villa,Dukhan,4,1,1,1,1,1,1,yes,45
10/25/2021,Homes 2 Rent,12,classified,properties,apartment-villa,Dukhan,4,1,1,1,1,1,1,yes,45
10/25/2021,Homes 2 Rent,12,classified,properties,apartment-villa,Dukhan,4,2,1,1,1,1,1,yes,45
10/25/2021,Homes 2 Rent,12,classified,properties,apartment-villa,Dukhan,4,1,1,1,1,5,1,yes,45
10/25/2021,Homes 2 Rent,12,classified,properties,apartment-villa,Dukhan,4,1,1,1,1,1,1,yes,45
10/25/2021,Homes 2 Rent,12,classified,properties,apartment-villa,Dukhan,4,1,5,3,0,1,2,yes,45
10/25/2021,Homes 2 Rent,12,classified,properties,apartment-villa,Dukhan,4,1,1,1,1,1,1,yes,45
10/25/2021,Homes 2 Rent,12,classified,properties,apartment-villa,Dukhan,4,1,1,1,1,1,1,yes,45
10/25/2021,Homes 2 Rent,12,classified,properties,apartment-villa,Dukhan,4,1,1,1,1,1,1,yes,45
10/26/2021,Homes 2 Rent,12,classified,properties,1bh,Dukhan,1,1,1,1,1,1,1,yes,41
10/26/2021,Homes 2 Rent,12,classified,properties,1bh,Dukhan,1,2,2,1,1,7,2,yes,41
10/26/2021,Homes 2 Rent,12,classified,properties,1bh,Dukhan,1,1,1,1,1,1,1,yes,41
10/26/2021,Homes 2 Rent,12,classified,properties,1bh,Dukhan,1,1,1,1,1,1,1,yes,41
10/26/2021,Homes 2 Rent,12,classified,properties,1bh,Dukhan,1,2,1,1,1,1,1,yes,41
10/26/2021,Homes 2 Rent,12,classified,properties,1bh,Dukhan,1,1,2,6,8,7,1,yes,41
10/26/2021,Homes 2 Rent,12,classified,properties,1bh,Dukhan,1,1,1,1,1,1,6,yes,41
10/26/2021,Homes 2 Rent,12,classified,properties,1bh,Dukhan,1,2,1,1,1,1,1,yes,41
10/26/2021,Homes 2 Rent,12,classified,properties,1bh,Dukhan,1,1,1,1,1,1,1,yes,41
10/26/2021,Homes 2 Rent,12,classified,properties,1bh,Dukhan,1,1,1,1,1,1,1,yes,41
10/24/2021,fgrealty,1,Agent,properties,apartment,Dukhan,2,1,1,0,2,1,0,No,46
10/24/2021,fgrealty,1,Agent,properties,apartment,Dukhan,2,1,2,0,2,1,0,No,46
10/24/2021,fgrealty,1,Agent,properties,apartment,Dukhan,2,1,1,0,2,1,0,No,46
10/24/2021,fgrealty,1,Agent,properties,apartment,Dukhan,2,1,1,0,2,1,3,No,46
10/24/2021,fgrealty,1,Agent,properties,apartment,Dukhan,2,1,1,0,8,1,0,No,46
10/24/2021,fgrealty,1,Agent,properties,apartment,Dukhan,2,6,1,0,2,1,0,No,46
10/24/2021,fgrealty,1,Agent,properties,apartment,Dukhan,2,1,1,0,2,1,0,No,46
10/24/2021,fgrealty,1,Agent,properties,apartment,Dukhan,2,1,1,0,1,4,0,No,46
10/24/2021,fgrealty,1,Agent,properties,apartment,Dukhan,2,1,1,0,2,1,0,No,46
10/24/2021,fgrealty,1,Agent,properties,apartment,Dukhan,2,1,1,0,2,1,0,No,46
10/24/2021,fgrealty,1,Agent,properties,apartment,Dukhan,2,4,1,5,2,1,2,No,46
10/24/2021,fgrealty,1,Agent,properties,apartment,Dukhan,2,1,5,0,2,1,0,No,46
10/24/2021,fgrealty,1,Agent,properties,apartment,Dukhan,2,1,1,0,2,4,0,No,46
10/24/2021,fgrealty,1,Agent,properties,apartment,Dukhan,2,1,1,0,2,1,0,No,46
10/24/2021,fgrealty,1,Agent,properties,apartment,Dukhan,2,1,1,2,1,1,0,No,46
10/24/2021,fgrealty,1,Agent,properties,apartment,Dukhan,2,1,1,0,2,4,1,No,46
10/24/2021,fgrealty,1,Agent,properties,apartment,Dukhan,2,1,1,0,2,1,0,No,46
10/24/2021,fgrealty,1,Agent,properties,apartment,Dukhan,2,1,1,0,2,1,0,No,46
10/25/2021,fgrealty,1,Agent,properties,1bhk,Dukhan,1,1,1,0,2,2,1,No,47
10/25/2021,fgrealty,1,Agent,properties,1bhk,Dukhan,1,1,1,0,2,1,0,No,47
10/25/2021,fgrealty,1,Agent,properties,1bhk,Dukhan,1,1,1,0,3,1,0,No,47
10/25/2021,fgrealty,1,Agent,properties,1bhk,Al-Wakrah,1,1,1,0,2,1,0,No,48
10/25/2021,fgrealty,1,Agent,properties,1bhk,Al-Wakrah,1,2,2,1,3,2,1,No,48
10/25/2021,fgrealty,1,Agent,properties,1bhk,Al-Wakrah,1,1,1,0,2,1,0,No,48
10/25/2021,fgrealty,1,Agent,properties,1bhk,Al-Wakrah,1,1,1,0,2,1,0,No,48
10/25/2021,fgrealty,1,Agent,properties,1bhk,Al-Wakrah,1,1,1,0,2,1,0,No,48
10/25/2021,fgrealty,1,Agent,properties,1bhk,Al-Wakrah,1,1,1,0,2,5,2,No,48
10/25/2021,fgrealty,1,Agent,properties,1bhk,Al-Wakrah,1,3,0,2,2,1,0,No,48
10/25/2021,fgrealty,1,Agent,properties,1bhk,Al-Wakrah,1,1,1,0,2,1,0,No,48
10/25/2021,fgrealty,1,Agent,properties,1bhk,Al-Wakrah,1,1,1,0,2,1,0,No,48
10/25/2021,fgrealty,1,Agent,properties,1bhk,Al-Wakrah,1,1,1,0,2,6,0,No,48
10/25/2021,fgrealty,1,Agent,properties,1bhk,Al-Wakrah,1,3,1,0,1,1,2,No,48
10/25/2021,fgrealty,1,Agent,properties,1bhk,Al-Wakrah,1,1,1,2,2,1,0,No,48
10/25/2021,fgrealty,1,Agent,properties,1bhk,Al-Wakrah,1,1,1,0,2,1,0,No,48
10/25/2021,fgrealty,1,Agent,properties,1bhk,Al-Wakrah,1,1,1,0,2,2,0,No,48
10/25/2021,fgrealty,1,Agent,properties,1bhk,Al-Wakrah,1,1,1,0,2,1,2,No,48
10/25/2021,fgrealty,1,Agent,properties,1bhk,Al-Wakrah,1,1,1,0,2,1,0,No,48
10/25/2021,fgrealty,1,Agent,properties,1bhk,Al-Wakrah,1,1,0,0,2,3,0,No,48
10/26/2021,fgrealty,1,Agent,properties,1bhk,Al-Wakrah,1,1,1,0,1,1,0,No,48
10/26/2021,fgrealty,1,Agent,properties,1bhk,Al-Wakrah,1,2,1,2,2,1,1,No,48
10/26/2021,fgrealty,1,Agent,properties,1bhk,Al-Wakrah,1,1,1,0,2,1,0,No,48
10/26/2021,fgrealty,1,Agent,properties,1bhk,Al-Wakrah,1,1,1,0,2,2,0,No,48
10/26/2021,fgrealty,1,Agent,properties,1bhk,Al-Wakrah,1,1,2,0,1,1,0,No,48
10/26/2021,fgrealty,1,Agent,properties,1bhk,Al-Wakrah,1,1,1,0,2,1,1,No,48
10/26/2021,fgrealty,1,Agent,properties,1bhk,Al-Wakrah,1,3,1,2,2,1,0,No,48
10/26/2021,fgrealty,1,Agent,properties,1bhk,Al-Wakrah,1,1,1,0,2,1,0,No,48
10/26/2021,fgrealty,1,Agent,properties,1bhk,Al-Wakrah,1,1,1,0,2,4,0,No,48
10/26/2021,fgrealty,1,Agent,properties,1bhk,Al-Wakrah,1,1,1,0,2,1,1,No,48
10/26/2021,fgrealty,1,Agent,properties,1bhk,Al-Wakrah,1,1,3,0,1,4,0,No,48
10/26/2021,fgrealty,1,Agent,properties,1bhk,Al-Wakrah,1,1,1,0,2,1,0,No,48
10/26/2021,fgrealty,1,Agent,properties,1bhk,Al-Wakrah,1,1,1,2,2,1,0,No,48
10/26/2021,fgrealty,1,Agent,properties,1bhk,Al-Wakrah,1,1,1,0,2,1,2,No,48
10/27/2021,fgrealty,1,Agent,properties,1bhk,Al-Wakrah,1,1,3,0,2,1,0,No,48
10/27/2021,fgrealty,1,Agent,properties,1bhk,Al-Wakrah,1,2,1,0,3,3,0,No,48
10/27/2021,fgrealty,1,Agent,properties,1bhk,Al-Wakrah,1,1,1,0,2,1,0,No,48
10/27/2021,fgrealty,1,Agent,properties,1bhk,Al-Wakrah,1,1,1,0,2,1,3,No,48
10/27/2021,fgrealty,1,Agent,properties,1bhk,Al-Wakrah,1,1,3,2,2,1,0,No,48
10/27/2021,fgrealty,1,Agent,properties,1bhk,Al-Wakrah,1,2,1,0,5,3,0,No,48
10/27/2021,fgrealty,1,Agent,properties,1bhk,Al-Wakrah,1,2,1,0,2,1,0,No,48
10/27/2021,fgrealty,1,Agent,properties,1bhk,Al-Wakrah,1,1,1,0,2,1,0,No,48
10/24/2021,fgrealty,1,Agent,properties,2bhk,Al-Wakrah,2,1,1,1,2,1,4,No,49
10/24/2021,fgrealty,1,Agent,properties,2bhk,Al-Wakrah,2,1,1,0,6,3,0,No,49
10/24/2021,fgrealty,1,Agent,properties,2bhk,Al-Wakrah,2,1,1,0,2,1,0,No,49
10/24/2021,fgrealty,1,Agent,properties,2bhk,Al-Wakrah,2,1,2,1,2,1,0,No,49
10/24/2021,fgrealty,1,Agent,properties,2bhk,Al-Wakrah,2,5,1,0,7,2,5,No,49
10/24/2021,fgrealty,1,Agent,properties,2bhk,Al-Wakrah,2,1,1,0,2,1,0,No,49
10/24/2021,fgrealty,1,Agent,properties,2bhk,Al-Wakrah,2,1,1,0,2,1,0,No,49
10/24/2021,fgrealty,1,Agent,properties,2bhk,Al-Wakrah,2,1,2,1,2,1,0,No,49
10/24/2021,fgrealty,1,Agent,properties,2bhk,Al-Wakrah,2,4,1,0,7,1,6,No,49
10/24/2021,Direct Real Estate,3,Agent,properties,apartment,Al-Wakrah,2,1,1,0,2,1,1,No,50
10/24/2021,Direct Real Estate,3,Agent,properties,apartment,Al-Wakrah,2,1,1,0,2,1,0,No,50
10/24/2021,Direct Real Estate,3,Agent,properties,apartment,Al-Wakrah,2,1,1,0,2,1,0,No,50
10/24/2021,Direct Real Estate,3,Agent,properties,apartment,Al-Wakrah,2,1,1,0,4,1,1,No,50
10/24/2021,Direct Real Estate,3,Agent,properties,apartment,Al-Wakrah,2,2,2,0,2,1,0,No,50
10/24/2021,Direct Real Estate,3,Agent,properties,apartment,Al-Wakrah,2,1,1,0,2,2,0,No,50
10/24/2021,Direct Real Estate,3,Agent,properties,apartment,Al-Wakrah,2,1,1,0,5,1,0,No,50
10/24/2021,Direct Real Estate,3,Agent,properties,apartment,Al-Wakrah,2,1,1,0,2,1,1,No,50
10/24/2021,Direct Real Estate,3,Agent,properties,apartment,Al-Wakrah,2,2,1,0,2,1,0,No,50
10/24/2021,Direct Real Estate,3,Agent,properties,apartment,Al-Wakrah,2,1,1,0,2,2,0,No,50
10/24/2021,Direct Real Estate,3,Agent,properties,apartment,Al-Wakrah,2,1,1,0,2,1,0,No,50
10/24/2021,Direct Real Estate,3,Agent,properties,apartment,Al-Wakrah,2,1,1,0,2,1,0,No,50
10/24/2021,Direct Real Estate,3,Agent,properties,apartment,Al-Wakrah,2,1,1,0,2,1,0,No,50
10/24/2021,Direct Real Estate,3,Agent,properties,apartment,Al-Wakrah,2,1,1,0,2,1,1,No,50
10/24/2021,Direct Real Estate,3,Agent,properties,apartment,Al-Wakrah,2,2,1,0,2,1,0,No,50
10/24/2021,Direct Real Estate,3,Agent,properties,apartment,Al-Wakrah,2,1,1,0,2,1,0,No,50
10/25/2021,Direct Real Estate,3,Agent,properties,apartment,Al-Wakrah,2,1,1,0,2,1,0,No,50
10/25/2021,Direct Real Estate,3,Agent,properties,apartment,Al-Wakrah,2,1,1,0,1,6,0,No,50
10/25/2021,Direct Real Estate,3,Agent,properties,apartment,Al-Wakrah,2,1,1,0,2,1,2,No,50
10/25/2021,Direct Real Estate,3,Agent,properties,apartment,Al-Wakrah,3,1,2,1,2,1,0,No,51
10/25/2021,Direct Real Estate,3,Agent,properties,apartment,Al-Wakrah,3,2,1,0,2,1,0,No,51
10/25/2021,Direct Real Estate,3,Agent,properties,apartment,Al-Wakrah,3,5,1,0,1,1,0,No,51
10/25/2021,Direct Real Estate,3,Agent,properties,apartment,Al-Wakrah,3,1,2,0,2,2,2,No,51
10/25/2021,Direct Real Estate,3,Agent,properties,apartment,Al-Wakrah,3,1,1,0,2,1,0,No,51
10/25/2021,Direct Real Estate,3,Agent,properties,apartment,Al-Wakrah,3,1,1,2,2,2,0,No,51
10/25/2021,Direct Real Estate,3,Agent,properties,apartment,Al-Wakrah,3,2,1,0,1,1,0,No,51
10/25/2021,Direct Real Estate,3,Agent,properties,apartment,Al-Wakrah,3,1,2,0,2,1,0,No,51
10/25/2021,Direct Real Estate,3,Agent,properties,apartment,Al-Wakrah,3,1,1,0,2,1,0,No,51
10/25/2021,Direct Real Estate,3,Agent,properties,apartment,Al-Wakrah,3,1,1,5,2,1,0,No,51
10/25/2021,Direct Real Estate,3,Agent,properties,apartment,Al-Wakrah,3,1,1,0,2,2,0,No,51
10/25/2021,Direct Real Estate,3,Agent,properties,apartment,Al-Wakrah,3,2,4,0,2,1,2,No,51
10/25/2021,Direct Real Estate,3,Agent,properties,apartment,Al-Wakrah,3,1,1,5,3,1,0,No,51
10/25/2021,Direct Real Estate,3,Agent,properties,apartment,Al-Wakrah,3,1,1,0,2,1,0,No,51
10/25/2021,Direct Real Estate,3,Agent,properties,apartment,Al-Wakrah,3,1,1,0,2,1,0,No,51
10/26/2021,Direct Real Estate,3,Agent,properties,apartment,Al-Wakrah,3,1,1,0,2,1,0,No,51
10/26/2021,Direct Real Estate,3,Agent,properties,apartment,Al-Wakrah,3,1,5,0,2,3,5,No,51
10/26/2021,Direct Real Estate,3,Agent,properties,apartment,Al-Wakrah,3,5,1,4,2,1,0,No,51
10/26/2021,Direct Real Estate,3,Agent,properties,apartment,Al-Wakrah,3,1,1,0,2,1,0,No,51
10/26/2021,Direct Real Estate,3,Agent,properties,apartment,Al-Wakrah,3,1,1,0,3,1,0,No,51
10/26/2021,Direct Real Estate,3,Agent,properties,apartment,Al-Wakrah,3,1,1,6,2,3,0,No,51
10/26/2021,Direct Real Estate,3,Agent,properties,apartment,Al-Wakrah,3,4,5,0,2,1,0,No,51
10/26/2021,Direct Real Estate,3,Agent,properties,apartment,Al-Wakrah,3,1,1,0,2,1,5,No,51
10/26/2021,Direct Real Estate,3,Agent,properties,apartment,Al-Wakrah,3,1,1,5,2,1,0,No,51
10/26/2021,Direct Real Estate,3,Agent,properties,apartment,Al-Wakrah,3,1,1,0,1,1,0,No,51
10/26/2021,Direct Real Estate,3,Agent,properties,apartment,Al-Wakrah,3,1,2,0,2,1,0,No,51
10/26/2021,Direct Real Estate,3,Agent,properties,apartment,Al-Wakrah,3,1,1,6,2,5,0,No,51
10/26/2021,Direct Real Estate,3,Agent,properties,apartment,Al-Wakrah,3,5,1,0,2,1,0,No,51
10/26/2021,Direct Real Estate,3,Agent,properties,apartment,Al-Wakrah,3,1,1,0,2,1,2,No,51
10/26/2021,Direct Real Estate,3,Agent,properties,apartment,Al-Wakrah,3,1,1,5,1,1,0,No,51
10/26/2021,Direct Real Estate,3,Agent,properties,apartment,Al-Wakrah,3,1,1,0,2,2,0,No,51
10/26/2021,Direct Real Estate,3,Agent,properties,apartment,Al-Wakrah,3,1,3,0,2,1,0,No,51
10/26/2021,Direct Real Estate,3,Agent,properties,apartment,Al-Wakrah,3,5,1,0,2,1,0,No,51
10/26/2021,Direct Real Estate,3,Agent,properties,apartment,Al-Wakrah,3,1,1,4,4,1,0,No,51
10/26/2021,Direct Real Estate,3,Agent,properties,apartment,Al-Wakrah,3,1,1,0,2,2,0,No,51
10/26/2021,Direct Real Estate,3,Agent,properties,apartment,Al-Wakrah,3,1,3,0,2,1,0,No,51
10/26/2021,Direct Real Estate,3,Agent,properties,apartment,Al-Wakrah,3,1,1,0,2,1,0,No,51
10/26/2021,Direct Real Estate,3,Agent,properties,apartment,Al-Wakrah,3,1,1,5,5,2,1,No,51
10/26/2021,Direct Real Estate,3,Agent,properties,apartment,Al-Wakrah,3,1,3,0,2,1,0,No,51
10/26/2021,Direct Real Estate,3,Agent,properties,apartment,Al-Wakrah,3,1,1,0,2,1,0,No,51
10/26/2021,Direct Real Estate,3,Agent,properties,studio,Al-Wakrah,1,1,1,0,2,1,0,No,52
10/26/2021,Direct Real Estate,3,Agent,properties,studio,Al-Wakrah,1,2,1,2,2,1,5,No,52
10/26/2021,Direct Real Estate,3,Agent,properties,studio,Al-Wakrah,1,1,1,0,2,1,0,No,52
10/26/2021,Direct Real Estate,3,Agent,properties,studio,Al-Wakrah,1,1,1,0,1,1,0,No,52
10/26/2021,Direct Real Estate,3,Agent,properties,studio,Al-Wakrah,1,2,2,0,2,5,0,No,52
10/26/2021,Direct Real Estate,3,Agent,properties,studio,Al-Wakrah,1,1,1,1,2,1,0,No,52
10/26/2021,Direct Real Estate,3,Agent,properties,studio,Al-Wakrah,1,1,1,0,1,1,0,No,52
10/26/2021,Direct Real Estate,3,Agent,properties,studio,Al-Wakrah,1,1,1,0,2,1,2,No,52
10/26/2021,Direct Real Estate,3,Agent,properties,studio,Al-Wakrah,1,1,1,1,2,1,0,No,52
10/26/2021,Direct Real Estate,3,Agent,properties,studio,Al-Wakrah,1,1,1,0,2,1,0,No,52
10/26/2021,Direct Real Estate,3,Agent,properties,studio,Al-Wakrah,1,1,1,0,1,5,0,No,52
10/26/2021,Direct Real Estate,3,Agent,properties,studio,Al-Wakrah,1,1,1,0,2,1,0,No,52
10/26/2021,Direct Real Estate,3,Agent,properties,studio,Al-Wakrah,1,1,1,0,2,1,0,No,52
10/26/2021,Direct Real Estate,3,Agent,properties,studio,Al-Wakrah,1,1,1,0,2,1,0,No,52
10/26/2021,Direct Real Estate,3,Agent,properties,studio,Al-Wakrah,1,1,1,0,6,1,3,No,52
10/26/2021,Direct Real Estate,3,Agent,properties,studio,Al-Wakrah,1,2,1,0,2,1,0,No,52
10/26/2021,Direct Real Estate,3,Agent,properties,studio,Al-Wakrah,1,2,2,2,2,1,2,No,52
10/26/2021,Direct Real Estate,3,Agent,properties,studio,Al-Wakrah,1,1,1,0,2,8,0,No,52
10/26/2021,Direct Real Estate,3,Agent,properties,studio,Al-Wakrah,1,1,1,0,2,1,0,No,52
10/26/2021,Direct Real Estate,3,Agent,properties,studio,Al-Wakrah,1,1,2,4,2,1,2,No,52
10/26/2021,Direct Real Estate,3,Agent,properties,studio,Al-Wakrah,1,1,1,0,6,1,0,No,52
10/26/2021,Direct Real Estate,3,Agent,properties,studio,Al-Wakrah,1,8,1,0,2,1,0,No,52
10/27/2021,Direct Real Estate,3,Agent,properties,studio,Al-Wakrah,1,1,1,0,2,1,5,No,52
10/27/2021,Direct Real Estate,3,Agent,properties,studio,Al-Wakrah,1,1,2,8,2,1,0,No,52
10/27/2021,Direct Real Estate,3,Agent,properties,studio,Al-Wakrah,1,1,1,0,5,8,0,No,52
10/27/2021,Direct Real Estate,3,Agent,properties,studio,Al-Wakrah,1,1,1,0,2,1,0,No,52
10/27/2021,Direct Real Estate,3,Agent,properties,studio,Al-Wakrah,1,5,1,0,2,1,0,No,52
10/27/2021,Direct Real Estate,3,Agent,properties,studio,Al-Wakrah,1,1,1,4,4,1,1,No,52
10/27/2021,Direct Real Estate,3,Agent,properties,studio,Al-Wakrah,1,1,2,0,2,2,1,No,52
10/27/2021,Direct Real Estate,3,Agent,properties,studio,Al-Wakrah,1,1,1,0,2,1,0,No,52
10/27/2021,Direct Real Estate,3,Agent,properties,studio,Al-Wakrah,1,3,1,0,2,1,0,No,52
10/28/2021,Direct Real Estate,3,Agent,properties,studio,Al-Wakrah,1,1,1,5,1,1,1,No,52
10/28/2021,Direct Real Estate,3,Agent,properties,studio,Al-Wakrah,1,1,2,0,2,5,0,No,52
10/28/2021,Direct Real Estate,3,Agent,properties,studio,Al-Wakrah,1,1,1,0,2,1,0,No,52
10/28/2021,Direct Real Estate,3,Agent,properties,studio,Al-Wakrah,1,3,1,0,2,1,0,No,52
10/28/2021,Direct Real Estate,3,Agent,properties,studio,Al-Wakrah,1,1,1,3,1,1,1,No,52
10/28/2021,Direct Real Estate,3,Agent,properties,studio,Al-Wakrah,1,1,3,0,2,4,0,No,52
10/28/2021,Direct Real Estate,3,Agent,properties,studio,Al-Wakrah,1,1,1,0,2,1,0,No,52
10/28/2021,Direct Real Estate,3,Agent,properties,studio,Al-Wakrah,1,1,1,0,2,1,5,No,52
10/28/2021,Direct Real Estate,3,Agent,properties,studio,Al-Wakrah,1,2,1,2,2,1,1,No,52
10/28/2021,Direct Real Estate,3,Agent,properties,studio,Al-Wakrah,1,1,4,0,2,3,0,No,52
10/28/2021,Direct Real Estate,3,Agent,properties,studio,Al-Wakrah,1,1,1,0,2,1,0,No,52
10/28/2021,Direct Real Estate,3,Agent,properties,studio,Al-Wakrah,1,1,1,0,2,1,0,No,52
10/28/2021,Direct Real Estate,3,Agent,properties,studio,Al-Wakrah,1,2,1,0,2,1,1,No,52
10/28/2021,Direct Real Estate,3,Agent,properties,studio,Al-Wakrah,1,1,6,1,2,2,0,No,52
10/28/2021,Direct Real Estate,3,Agent,properties,studio,Al-Wakrah,1,1,1,0,2,1,0,No,52
10/28/2021,Direct Real Estate,3,Agent,properties,studio,Al-Wakrah,1,1,1,0,2,1,0,No,52
10/28/2021,Direct Real Estate,3,Agent,properties,studio,Al-Wakrah,1,1,6,0,2,1,2,No,52
10/28/2021,Direct Real Estate,3,Agent,properties,studio,Al-Wakrah,1,2,1,0,2,2,0,No,52
10/28/2021,Direct Real Estate,3,Agent,properties,studio,Al-Wakrah,1,1,1,1,2,1,0,No,52
10/28/2021,Direct Real Estate,3,Agent,properties,studio,Al-Wakrah,1,1,1,0,2,1,0,No,52
10/28/2021,Direct Real Estate,3,Agent,properties,studio,Al-Wakrah,1,1,1,2,2,1,0,No,52
10/28/2021,Direct Real Estate,3,Agent,properties,studio,Al-Wakrah,1,1,1,0,2,2,0,No,52
10/25/2021,Direct Real Estate,3,Agent,properties,1hk,Al-Wakrah,1,1,2,0,2,1,0,No,53
10/25/2021,Direct Real Estate,3,Agent,properties,1hk,Al-Wakrah,1,1,1,0,2,1,5,No,53
10/25/2021,Direct Real Estate,3,Agent,properties,1hk,Al-Wakrah,1,1,1,0,2,1,3,No,53
10/25/2021,Direct Real Estate,3,Agent,properties,1hk,Al-Wakrah,1,1,2,0,2,1,1,No,53
10/25/2021,Direct Real Estate,3,Agent,properties,1hk,Al-Wakrah,1,2,1,0,2,1,2,No,53
10/25/2021,Direct Real Estate,3,Agent,properties,1hk,Al-Wakrah,1,4,1,3,2,1,2,No,53
10/25/2021,Direct Real Estate,3,Agent,properties,1hk,Al-Wakrah,1,6,1,0,2,1,2,No,53
10/25/2021,Direct Real Estate,3,Agent,properties,1hk,Al-Wakrah,1,4,1,0,8,1,2,No,53
10/25/2021,Direct Real Estate,3,Agent,properties,1hk,Al-Wakrah,1,3,4,5,2,2,1,No,53
10/25/2021,Direct Real Estate,3,Agent,properties,1hk,Al-Wakrah,1,2,1,0,2,1,1,No,53
10/25/2021,Direct Real Estate,3,Agent,properties,1hk,Al-Wakrah,1,1,1,0,2,1,1,No,53
10/25/2021,Direct Real Estate,3,Agent,properties,1hk,Al-Wakrah,1,5,1,0,5,5,2,No,53
10/25/2021,Direct Real Estate,3,Agent,properties,1hk,Al-Wakrah,1,0,8,5,2,1,2,No,53
10/25/2021,Direct Real Estate,3,Agent,properties,1hk,Al-Wakrah,1,2,1,0,2,1,3,No,53
10/25/2021,Direct Real Estate,3,Agent,properties,1hk,Al-Wakrah,1,2,1,0,2,1,2,No,53
10/25/2021,Direct Real Estate,3,Agent,properties,1hk,Al-Wakrah,1,4,2,5,8,5,1,No,53
10/25/2021,Direct Real Estate,3,Agent,properties,1hk,Al-Wakrah,1,4,1,1,1,1,3,No,53
10/25/2021,Direct Real Estate,3,Agent,properties,1hk,Al-Wakrah,1,2,2,0,1,1,2,No,53
10/25/2021,Direct Real Estate,3,Agent,properties,1hk,Al-Wakrah,1,2,1,0,1,1,1,No,53
